denoised_return,episode,episode_len,episode_return,steps,total_bad_episodes,total_return
0,1,10,-0.003,10,1,-0.003
0,2,10,-0.005,20,2,-0.008
0,3,10,0.0,30,3,-0.008
0,4,10,-0.003,40,4,-0.011000000000000003
0,5,10,-0.006,50,5,-0.017000000000000008
0,6,10,-0.008,60,6,-0.025000000000000015
0,7,10,0.0,70,7,-0.025000000000000015
0,8,10,-0.001,80,8,-0.026000000000000016
0,9,10,-0.005,90,9,-0.03100000000000002
0,10,10,-0.003,100,10,-0.03400000000000002
0,11,10,-0.002,110,11,-0.036000000000000025
0,12,10,0.0,120,12,-0.036000000000000025
0,13,10,-0.002,130,13,-0.03800000000000003
0,14,10,-0.006,140,14,-0.04400000000000003
0,15,10,0.0,150,15,-0.04400000000000003
0,16,10,-0.005,160,16,-0.04900000000000004
0,17,10,-0.006,170,17,-0.05500000000000004
0,18,10,-0.006,180,18,-0.06100000000000005
0,19,10,-0.003,190,19,-0.06400000000000004
0,20,10,0.0,200,20,-0.06400000000000004
0,21,10,-0.003,210,21,-0.06700000000000005
0,22,10,0.0,220,22,-0.06700000000000005
0,23,10,-0.002,230,23,-0.06900000000000005
0,24,10,-0.005,240,24,-0.07400000000000005
0,25,10,-0.006,250,25,-0.08000000000000006
0,26,10,-0.007,260,26,-0.08700000000000006
0,27,10,-0.002,270,27,-0.08900000000000007
0,28,10,-0.003,280,28,-0.09200000000000007
0,29,10,-0.004,290,29,-0.09600000000000007
0,30,10,-0.008,300,30,-0.10400000000000008
0,31,10,-0.006,310,31,-0.11000000000000008
0,32,10,-0.008,320,32,-0.11800000000000009
0,33,10,-0.003,330,33,-0.1210000000000001
0,34,10,0.0,340,34,-0.1210000000000001
0,35,10,-0.005,350,35,-0.12600000000000008
0,36,10,-0.001,360,36,-0.12700000000000009
0,37,10,-0.003,370,37,-0.1300000000000001
0,38,10,-0.003,380,38,-0.1330000000000001
0,39,10,-0.005,390,39,-0.1380000000000001
0,40,10,0.0,400,40,-0.1380000000000001
0,41,10,-0.002,410,41,-0.1400000000000001
0,42,10,-0.008,420,42,-0.1480000000000001
0,43,10,-0.005,430,43,-0.1530000000000001
0,44,10,-0.006,440,44,-0.1590000000000001
0,45,10,-0.002,450,45,-0.16100000000000012
0,46,10,0.0,460,46,-0.16100000000000012
0,47,10,0.0,470,47,-0.16100000000000012
0,48,10,-0.005,480,48,-0.16600000000000012
0,49,10,-0.004,490,49,-0.17000000000000012
0,50,10,-0.006,500,50,-0.17600000000000013
0,51,10,-0.006,510,51,-0.18200000000000013
0,52,10,0.0,520,52,-0.18200000000000013
0,53,10,0.0,530,53,-0.18200000000000013
0,54,10,-0.003,540,54,-0.18500000000000014
0,55,10,-0.004,550,55,-0.18900000000000014
0,56,10,-0.001,560,56,-0.19000000000000014
0,57,10,0.0,570,57,-0.19000000000000014
0,58,10,-0.008,580,58,-0.19800000000000015
0,59,10,-0.003,590,59,-0.20100000000000015
0,60,10,-0.001,600,60,-0.20200000000000015
0,61,10,-0.005,610,61,-0.20700000000000016
0,62,10,-0.006,620,62,-0.21300000000000016
0,63,10,-0.001,630,63,-0.21400000000000016
0,64,10,0.0,640,64,-0.21400000000000016
0,65,10,-0.005,650,65,-0.21900000000000017
0,66,10,-0.006,660,66,-0.22500000000000017
0,67,10,-0.005,670,67,-0.23000000000000018
0,68,10,-0.005,680,68,-0.23500000000000018
0,69,10,-0.004,690,69,-0.23900000000000018
0,70,10,-0.009000000000000001,700,70,-0.2480000000000002
0,71,10,-0.004,710,71,-0.25200000000000017
0,72,10,-0.001,720,72,-0.25300000000000017
0,73,10,-0.006,730,73,-0.2590000000000002
0,74,10,-0.001,740,74,-0.2600000000000002
0,75,10,-0.004,750,75,-0.2640000000000002
0,76,10,-0.006,760,76,-0.2700000000000002
0,77,10,-0.004,770,77,-0.2740000000000002
0,78,10,-0.006,780,78,-0.2800000000000002
0,79,10,-0.006,790,79,-0.2860000000000002
0,80,10,0.0,800,80,-0.2860000000000002
0,81,10,-0.004,810,81,-0.2900000000000002
0,82,10,0.0,820,82,-0.2900000000000002
0,83,10,-0.004,830,83,-0.2940000000000002
0,84,10,-0.006,840,84,-0.3000000000000002
0,85,10,-0.006,850,85,-0.3060000000000002
0,86,10,-0.006,860,86,-0.3120000000000002
0,87,10,-0.005,870,87,-0.3170000000000002
0,88,10,-0.007,880,88,-0.32400000000000023
0,89,10,0.0,890,89,-0.32400000000000023
0,90,10,-0.006,900,90,-0.33000000000000024
0,91,10,-0.005,910,91,-0.33500000000000024
0,92,10,-0.006,920,92,-0.34100000000000025
0,93,10,-0.005,930,93,-0.34600000000000025
0,94,10,-0.003,940,94,-0.34900000000000025
0,95,10,0.0,950,95,-0.34900000000000025
0,96,10,0.0,960,96,-0.34900000000000025
0,97,10,0.0,970,97,-0.34900000000000025
0,98,10,0.0,980,98,-0.34900000000000025
0,99,10,-0.004,990,99,-0.35300000000000026
0,100,10,-0.006,1000,100,-0.35900000000000026
0,101,10,-0.003,1010,101,-0.36200000000000027
0,102,10,-0.006,1020,102,-0.36800000000000027
0,103,10,-0.006,1030,103,-0.3740000000000003
0,104,10,-0.009000000000000001,1040,104,-0.3830000000000003
0,105,10,-0.002,1050,105,-0.3850000000000003
0,106,10,-0.005,1060,106,-0.3900000000000003
0,107,10,-0.006,1070,107,-0.3960000000000003
0,108,10,0.0,1080,108,-0.3960000000000003
0,109,10,-0.005,1090,109,-0.4010000000000003
0,110,10,-0.007,1100,110,-0.4080000000000003
0,111,10,-0.003,1110,111,-0.4110000000000003
0,112,10,-0.003,1120,112,-0.4140000000000003
0,113,10,-0.005,1130,113,-0.4190000000000003
0,114,10,-0.005,1140,114,-0.4240000000000003
0,115,10,-0.003,1150,115,-0.4270000000000003
0,116,10,0.0,1160,116,-0.4270000000000003
0,117,10,-0.006,1170,117,-0.43300000000000033
0,118,10,-0.006,1180,118,-0.43900000000000033
0,119,10,-0.001,1190,119,-0.44000000000000034
0,120,10,-0.006,1200,120,-0.44600000000000034
0,121,10,-0.004,1210,121,-0.45000000000000034
0,122,10,-0.008,1220,122,-0.45800000000000035
0,123,10,-0.004,1230,123,-0.46200000000000035
0,124,10,0.0,1240,124,-0.46200000000000035
0,125,10,-0.005,1250,125,-0.46700000000000036
0,126,10,-0.003,1260,126,-0.47000000000000036
0,127,10,-0.006,1270,127,-0.47600000000000037
0,128,10,-0.003,1280,128,-0.47900000000000037
0,129,10,-0.002,1290,129,-0.48100000000000037
0,130,10,-0.003,1300,130,-0.4840000000000004
0,131,10,-0.006,1310,131,-0.4900000000000004
0,132,10,-0.006,1320,132,-0.4960000000000004
0,133,10,0.0,1330,133,-0.4960000000000004
0,134,10,-0.008,1340,134,-0.5040000000000003
0,135,10,0.0,1350,135,-0.5040000000000003
0,136,10,0.0,1360,136,-0.5040000000000003
0,137,10,-0.007,1370,137,-0.5110000000000003
0,138,10,0.0,1380,138,-0.5110000000000003
0,139,10,0.0,1390,139,-0.5110000000000003
0,140,10,-0.005,1400,140,-0.5160000000000003
0,141,10,-0.002,1410,141,-0.5180000000000003
0,142,10,-0.006,1420,142,-0.5240000000000004
0,143,10,0.0,1430,143,-0.5240000000000004
0,144,10,-0.006,1440,144,-0.5300000000000004
0,145,10,-0.003,1450,145,-0.5330000000000004
0,146,10,0.0,1460,146,-0.5330000000000004
0,147,10,-0.006,1470,147,-0.5390000000000004
0,148,10,-0.005,1480,148,-0.5440000000000004
0,149,10,-0.007,1490,149,-0.5510000000000004
0,150,10,-0.002,1500,150,-0.5530000000000004
0,151,10,-0.002,1510,151,-0.5550000000000004
0,152,10,-0.006,1520,152,-0.5610000000000004
0,153,10,-0.006,1530,153,-0.5670000000000004
0,154,10,0.0,1540,154,-0.5670000000000004
0,155,10,-0.005,1550,155,-0.5720000000000004
0,156,10,-0.001,1560,156,-0.5730000000000004
0,157,10,-0.009000000000000001,1570,157,-0.5820000000000004
0,158,10,0.0,1580,158,-0.5820000000000004
0,159,10,-0.002,1590,159,-0.5840000000000004
0,160,10,-0.006,1600,160,-0.5900000000000004
0,161,10,-0.006,1610,161,-0.5960000000000004
0,162,10,-0.002,1620,162,-0.5980000000000004
0,163,10,-0.005,1630,163,-0.6030000000000004
0,164,10,-0.004,1640,164,-0.6070000000000004
0,165,10,0.0,1650,165,-0.6070000000000004
0,166,10,-0.005,1660,166,-0.6120000000000004
0,167,10,-0.004,1670,167,-0.6160000000000004
0,168,10,0.0,1680,168,-0.6160000000000004
0,169,10,-0.006,1690,169,-0.6220000000000004
0,170,10,-0.006,1700,170,-0.6280000000000004
0,171,10,-0.002,1710,171,-0.6300000000000004
0,172,10,-0.006,1720,172,-0.6360000000000005
0,173,10,-0.002,1730,173,-0.6380000000000005
0,174,10,-0.007,1740,174,-0.6450000000000005
0,175,10,-0.006,1750,175,-0.6510000000000005
0,176,10,-0.006,1760,176,-0.6570000000000005
0,177,10,-0.002,1770,177,-0.6590000000000005
0,178,10,0.0,1780,178,-0.6590000000000005
0,179,10,0.0,1790,179,-0.6590000000000005
0,180,10,-0.003,1800,180,-0.6620000000000005
0,181,10,-0.004,1810,181,-0.6660000000000005
0,182,10,0.0,1820,182,-0.6660000000000005
0,183,10,0.0,1830,183,-0.6660000000000005
0,184,10,0.0,1840,184,-0.6660000000000005
0,185,10,-0.006,1850,185,-0.6720000000000005
0,186,10,-0.008,1860,186,-0.6800000000000005
0,187,10,0.0,1870,187,-0.6800000000000005
0,188,10,-0.006,1880,188,-0.6860000000000005
0,189,10,-0.008,1890,189,-0.6940000000000005
0,190,10,-0.005,1900,190,-0.6990000000000005
0,191,10,0.0,1910,191,-0.6990000000000005
0,192,10,-0.006,1920,192,-0.7050000000000005
0,193,10,0.0,1930,193,-0.7050000000000005
0,194,10,0.0,1940,194,-0.7050000000000005
0,195,10,-0.003,1950,195,-0.7080000000000005
0,196,10,-0.006,1960,196,-0.7140000000000005
0,197,10,-0.006,1970,197,-0.7200000000000005
0,198,10,-0.006,1980,198,-0.7260000000000005
0,199,10,-0.002,1990,199,-0.7280000000000005
0,200,10,0.0,2000,200,-0.7280000000000005
0,201,10,-0.007,2010,201,-0.7350000000000005
0,202,10,-0.007,2020,202,-0.7420000000000005
0,203,10,-0.006,2030,203,-0.7480000000000006
0,204,10,-0.006,2040,204,-0.7540000000000006
0,205,10,-0.006,2050,205,-0.7600000000000006
0,206,10,0.0,2060,206,-0.7600000000000006
0,207,10,-0.006,2070,207,-0.7660000000000006
0,208,10,-0.006,2080,208,-0.7720000000000006
0,209,10,0.0,2090,209,-0.7720000000000006
0,210,10,0.0,2100,210,-0.7720000000000006
0,211,10,-0.004,2110,211,-0.7760000000000006
0,212,10,0.0,2120,212,-0.7760000000000006
0,213,10,0.0,2130,213,-0.7760000000000006
0,214,10,-0.006,2140,214,-0.7820000000000006
0,215,10,-0.006,2150,215,-0.7880000000000006
0,216,10,-0.006,2160,216,-0.7940000000000006
0,217,10,0.0,2170,217,-0.7940000000000006
0,218,10,0.0,2180,218,-0.7940000000000006
0,219,10,-0.001,2190,219,-0.7950000000000006
0,220,10,0.0,2200,220,-0.7950000000000006
0,221,10,-0.006,2210,221,-0.8010000000000006
0,222,10,-0.006,2220,222,-0.8070000000000006
0,223,10,-0.006,2230,223,-0.8130000000000006
0,224,10,-0.006,2240,224,-0.8190000000000006
0,225,10,0.0,2250,225,-0.8190000000000006
0,226,10,-0.007,2260,226,-0.8260000000000006
0,227,10,-0.006,2270,227,-0.8320000000000006
0,228,10,-0.006,2280,228,-0.8380000000000006
0,229,10,0.0,2290,229,-0.8380000000000006
0,230,10,0.0,2300,230,-0.8380000000000006
0,231,10,0.0,2310,231,-0.8380000000000006
0,232,10,-0.006,2320,232,-0.8440000000000006
0,233,10,-0.006,2330,233,-0.8500000000000006
0,234,10,-0.006,2340,234,-0.8560000000000006
0,235,10,-0.006,2350,235,-0.8620000000000007
0,236,10,-0.001,2360,236,-0.8630000000000007
0,237,10,-0.003,2370,237,-0.8660000000000007
0,238,10,-0.006,2380,238,-0.8720000000000007
0,239,10,-0.004,2390,239,-0.8760000000000007
0,240,10,0.0,2400,240,-0.8760000000000007
0,241,10,-0.006,2410,241,-0.8820000000000007
0,242,10,0.0,2420,242,-0.8820000000000007
0,243,10,0.0,2430,243,-0.8820000000000007
0,244,10,0.0,2440,244,-0.8820000000000007
0,245,10,-0.006,2450,245,-0.8880000000000007
0,246,10,-0.006,2460,246,-0.8940000000000007
0,247,10,-0.004,2470,247,-0.8980000000000007
0,248,10,-0.003,2480,248,-0.9010000000000007
0,249,10,-0.006,2490,249,-0.9070000000000007
0,250,10,-0.006,2500,250,-0.9130000000000007
0,251,10,0.0,2510,251,-0.9130000000000007
0,252,10,-0.006,2520,252,-0.9190000000000007
0,253,10,-0.006,2530,253,-0.9250000000000007
0,254,10,-0.003,2540,254,-0.9280000000000007
0,255,10,0.0,2550,255,-0.9280000000000007
0,256,10,0.0,2560,256,-0.9280000000000007
0,257,10,-0.004,2570,257,-0.9320000000000007
0,258,10,-0.001,2580,258,-0.9330000000000007
0,259,10,-0.004,2590,259,-0.9370000000000007
0,260,10,-0.006,2600,260,-0.9430000000000007
0,261,10,-0.006,2610,261,-0.9490000000000007
0,262,10,0.0,2620,262,-0.9490000000000007
0,263,10,0.0,2630,263,-0.9490000000000007
0,264,10,-0.006,2640,264,-0.9550000000000007
0,265,10,-0.002,2650,265,-0.9570000000000007
0,266,10,-0.006,2660,266,-0.9630000000000007
0,267,10,0.0,2670,267,-0.9630000000000007
0,268,10,-0.004,2680,268,-0.9670000000000007
0,269,10,0.0,2690,269,-0.9670000000000007
0,270,10,-0.006,2700,270,-0.9730000000000008
0,271,10,-0.006,2710,271,-0.9790000000000008
0,272,10,-0.008,2720,272,-0.9870000000000008
0,273,10,-0.006,2730,273,-0.9930000000000008
0,274,10,-0.006,2740,274,-0.9990000000000008
0,275,10,0.0,2750,275,-0.9990000000000008
0,276,10,-0.006,2760,276,-1.0050000000000001
0,277,10,0.0,2770,277,-1.0050000000000001
0,278,10,-0.001,2780,278,-1.006
0,279,10,-0.001,2790,279,-1.007
0,280,10,-0.003,2800,280,-1.0099999999999996
0,281,10,0.0,2810,281,-1.0099999999999996
0,282,10,-0.006,2820,282,-1.015999999999999
0,283,10,-0.006,2830,283,-1.0219999999999982
0,284,10,-0.006,2840,284,-1.0279999999999976
0,285,10,0.0,2850,285,-1.0279999999999976
0,286,10,-0.006,2860,286,-1.033999999999997
0,287,10,-0.006,2870,287,-1.0399999999999963
0,288,10,-0.007,2880,288,-1.0469999999999955
0,289,10,-0.006,2890,289,-1.0529999999999948
0,290,10,0.0,2900,290,-1.0529999999999948
0,291,10,-0.008,2910,291,-1.060999999999994
0,292,10,-0.006,2920,292,-1.0669999999999933
0,293,10,-0.001,2930,293,-1.0679999999999932
0,294,10,-0.006,2940,294,-1.0739999999999925
0,295,10,-0.006,2950,295,-1.0799999999999919
0,296,10,-0.006,2960,296,-1.0859999999999912
0,297,10,0.0,2970,297,-1.0859999999999912
0,298,10,0.0,2980,298,-1.0859999999999912
0,299,10,-0.006,2990,299,-1.0919999999999905
0,300,10,-0.006,3000,300,-1.0979999999999899
0,301,10,-0.005,3010,301,-1.1029999999999893
0,302,10,-0.006,3020,302,-1.1089999999999887
0,303,10,-0.005,3030,303,-1.113999999999988
0,304,10,-0.008,3040,304,-1.1219999999999872
0,305,10,-0.001,3050,305,-1.1229999999999871
0,306,10,0.0,3060,306,-1.1229999999999871
0,307,10,0.0,3070,307,-1.1229999999999871
0,308,10,-0.006,3080,308,-1.1289999999999865
0,309,10,-0.001,3090,309,-1.1299999999999863
0,310,10,-0.006,3100,310,-1.1359999999999857
0,311,10,-0.005,3110,311,-1.1409999999999851
0,312,10,0.0,3120,312,-1.1409999999999851
0,313,10,0.0,3130,313,-1.1409999999999851
0,314,10,-0.006,3140,314,-1.1469999999999845
0,315,10,-0.004,3150,315,-1.150999999999984
0,316,10,-0.001,3160,316,-1.151999999999984
0,317,10,0.0,3170,317,-1.151999999999984
0,318,10,-0.005,3180,318,-1.1569999999999834
0,319,10,-0.006,3190,319,-1.1629999999999827
0,320,10,-0.006,3200,320,-1.168999999999982
0,321,10,0.0,3210,321,-1.168999999999982
0,322,10,-0.006,3220,322,-1.1749999999999814
0,323,10,-0.003,3230,323,-1.177999999999981
0,324,10,-0.006,3240,324,-1.1839999999999804
0,325,10,-0.006,3250,325,-1.1899999999999797
0,326,10,-0.006,3260,326,-1.195999999999979
0,327,10,-0.006,3270,327,-1.2019999999999784
0,328,10,-0.006,3280,328,-1.2079999999999778
0,329,10,-0.003,3290,329,-1.2109999999999774
0,330,10,0.0,3300,330,-1.2109999999999774
0,331,10,0.0,3310,331,-1.2109999999999774
0,332,10,-0.006,3320,332,-1.2169999999999768
0,333,10,-0.006,3330,333,-1.222999999999976
0,334,10,0.0,3340,334,-1.222999999999976
0,335,10,-0.006,3350,335,-1.2289999999999754
0,336,10,-0.006,3360,336,-1.2349999999999748
0,337,10,0.0,3370,337,-1.2349999999999748
0,338,10,-0.006,3380,338,-1.2409999999999741
0,339,10,0.0,3390,339,-1.2409999999999741
0,340,10,-0.002,3400,340,-1.242999999999974
0,341,10,0.0,3410,341,-1.242999999999974
0,342,10,0.0,3420,342,-1.242999999999974
0,343,10,0.0,3430,343,-1.242999999999974
0,344,10,0.0,3440,344,-1.242999999999974
0,345,10,-0.005,3450,345,-1.2479999999999734
0,346,10,0.0,3460,346,-1.2479999999999734
0,347,10,-0.003,3470,347,-1.250999999999973
0,348,10,-0.006,3480,348,-1.2569999999999724
0,349,10,0.0,3490,349,-1.2569999999999724
0,350,10,0.0,3500,350,-1.2569999999999724
0,351,10,0.0,3510,351,-1.2569999999999724
0,352,10,-0.006,3520,352,-1.2629999999999717
0,353,10,-0.002,3530,353,-1.2649999999999715
0,354,10,0.0,3540,354,-1.2649999999999715
0,355,10,0.0,3550,355,-1.2649999999999715
0,356,10,0.0,3560,356,-1.2649999999999715
0,357,10,-0.006,3570,357,-1.2709999999999708
0,358,10,-0.006,3580,358,-1.2769999999999702
0,359,10,-0.001,3590,359,-1.27799999999997
0,360,10,-0.006,3600,360,-1.2839999999999694
0,361,10,0.0,3610,361,-1.2839999999999694
0,362,10,0.0,3620,362,-1.2839999999999694
0,363,10,0.0,3630,363,-1.2839999999999694
0,364,10,-0.006,3640,364,-1.2899999999999687
0,365,10,-0.006,3650,365,-1.295999999999968
0,366,10,-0.006,3660,366,-1.3019999999999674
0,367,10,0.0,3670,367,-1.3019999999999674
0,368,10,-0.006,3680,368,-1.3079999999999667
0,369,10,-0.002,3690,369,-1.3099999999999665
0,370,10,0.0,3700,370,-1.3099999999999665
0,371,10,0.0,3710,371,-1.3099999999999665
0,372,10,0.0,3720,372,-1.3099999999999665
0,373,10,-0.004,3730,373,-1.313999999999966
0,374,10,-0.006,3740,374,-1.3199999999999654
0,375,10,0.0,3750,375,-1.3199999999999654
0,376,10,0.0,3760,376,-1.3199999999999654
0,377,10,-0.005,3770,377,-1.3249999999999649
0,378,10,-0.006,3780,378,-1.3309999999999642
0,379,10,0.0,3790,379,-1.3309999999999642
0,380,10,0.0,3800,380,-1.3309999999999642
0,381,10,0.0,3810,381,-1.3309999999999642
0,382,10,-0.002,3820,382,-1.332999999999964
0,383,10,-0.006,3830,383,-1.3389999999999633
0,384,10,-0.006,3840,384,-1.3449999999999627
0,385,10,-0.006,3850,385,-1.350999999999962
0,386,10,-0.003,3860,386,-1.3539999999999617
0,387,10,-0.003,3870,387,-1.3569999999999613
0,388,10,-0.006,3880,388,-1.3629999999999607
0,389,10,-0.003,3890,389,-1.3659999999999604
0,390,10,-0.006,3900,390,-1.3719999999999597
0,391,10,-0.003,3910,391,-1.3749999999999594
0,392,10,0.0,3920,392,-1.3749999999999594
0,393,10,-0.006,3930,393,-1.3809999999999587
0,394,10,-0.006,3940,394,-1.386999999999958
0,395,10,-0.006,3950,395,-1.3929999999999574
0,396,10,-0.006,3960,396,-1.3989999999999567
0,397,10,-0.006,3970,397,-1.404999999999956
0,398,10,0.0,3980,398,-1.404999999999956
0,399,10,-0.006,3990,399,-1.4109999999999554
0,400,10,0.0,4000,400,-1.4109999999999554
0,401,10,-0.004,4010,401,-1.414999999999955
0,402,10,0.0,4020,402,-1.414999999999955
0,403,10,0.0,4030,403,-1.414999999999955
0,404,10,-0.008,4040,404,-1.422999999999954
0,405,10,-0.006,4050,405,-1.4289999999999534
0,406,10,0.0,4060,406,-1.4289999999999534
0,407,10,0.0,4070,407,-1.4289999999999534
0,408,10,0.0,4080,408,-1.4289999999999534
0,409,10,-0.004,4090,409,-1.432999999999953
0,410,10,0.0,4100,410,-1.432999999999953
0,411,10,0.0,4110,411,-1.432999999999953
0,412,10,-0.006,4120,412,-1.4389999999999523
0,413,10,0.0,4130,413,-1.4389999999999523
0,414,10,-0.006,4140,414,-1.4449999999999517
0,415,10,0.0,4150,415,-1.4449999999999517
0,416,10,-0.008,4160,416,-1.4529999999999508
0,417,10,-0.002,4170,417,-1.4549999999999506
0,418,10,0.0,4180,418,-1.4549999999999506
0,419,10,0.0,4190,419,-1.4549999999999506
0,420,10,-0.002,4200,420,-1.4569999999999503
0,421,10,-0.006,4210,421,-1.4629999999999497
0,422,10,0.0,4220,422,-1.4629999999999497
0,423,10,-0.006,4230,423,-1.468999999999949
0,424,10,0.0,4240,424,-1.468999999999949
0,425,10,-0.006,4250,425,-1.4749999999999484
0,426,10,-0.006,4260,426,-1.4809999999999477
0,427,10,-0.006,4270,427,-1.486999999999947
0,428,10,0.0,4280,428,-1.486999999999947
0,429,10,0.0,4290,429,-1.486999999999947
0,430,10,-0.006,4300,430,-1.4929999999999464
0,431,10,-0.003,4310,431,-1.495999999999946
0,432,10,-0.006,4320,432,-1.5019999999999454
0,433,10,-0.006,4330,433,-1.5079999999999447
0,434,10,0.0,4340,434,-1.5079999999999447
0,435,10,0.0,4350,435,-1.5079999999999447
0,436,10,0.0,4360,436,-1.5079999999999447
0,437,10,-0.006,4370,437,-1.513999999999944
0,438,10,0.0,4380,438,-1.513999999999944
0,439,10,0.0,4390,439,-1.513999999999944
0,440,10,0.0,4400,440,-1.513999999999944
0,441,10,-0.005,4410,441,-1.5189999999999435
0,442,10,0.0,4420,442,-1.5189999999999435
0,443,10,-0.006,4430,443,-1.5249999999999428
0,444,10,0.0,4440,444,-1.5249999999999428
0,445,10,0.0,4450,445,-1.5249999999999428
0,446,10,-0.006,4460,446,-1.5309999999999422
0,447,10,-0.006,4470,447,-1.5369999999999415
0,448,10,0.0,4480,448,-1.5369999999999415
0,449,10,-0.006,4490,449,-1.5429999999999409
0,450,10,-0.006,4500,450,-1.5489999999999402
0,451,10,-0.006,4510,451,-1.5549999999999395
0,452,10,0.0,4520,452,-1.5549999999999395
0,453,10,0.0,4530,453,-1.5549999999999395
0,454,10,0.0,4540,454,-1.5549999999999395
0,455,10,0.0,4550,455,-1.5549999999999395
0,456,10,0.0,4560,456,-1.5549999999999395
0,457,10,0.0,4570,457,-1.5549999999999395
0,458,10,0.0,4580,458,-1.5549999999999395
0,459,10,0.0,4590,459,-1.5549999999999395
0,460,10,-0.006,4600,460,-1.5609999999999389
0,461,10,-0.006,4610,461,-1.5669999999999382
0,462,10,0.0,4620,462,-1.5669999999999382
0,463,10,0.0,4630,463,-1.5669999999999382
0,464,10,0.0,4640,464,-1.5669999999999382
0,465,10,0.0,4650,465,-1.5669999999999382
0,466,10,-0.004,4660,466,-1.5709999999999378
0,467,10,0.0,4670,467,-1.5709999999999378
0,468,10,-0.006,4680,468,-1.5769999999999371
0,469,10,-0.006,4690,469,-1.5829999999999365
0,470,10,-0.006,4700,470,-1.5889999999999358
0,471,10,-0.006,4710,471,-1.5949999999999351
0,472,10,0.0,4720,472,-1.5949999999999351
0,473,10,-0.006,4730,473,-1.6009999999999345
0,474,10,0.0,4740,474,-1.6009999999999345
0,475,10,-0.005,4750,475,-1.605999999999934
0,476,10,0.0,4760,476,-1.605999999999934
0,477,10,0.0,4770,477,-1.605999999999934
0,478,10,-0.006,4780,478,-1.6119999999999333
0,479,10,0.0,4790,479,-1.6119999999999333
0,480,10,0.0,4800,480,-1.6119999999999333
0,481,10,0.0,4810,481,-1.6119999999999333
0,482,10,0.0,4820,482,-1.6119999999999333
0,483,10,-0.006,4830,483,-1.6179999999999326
0,484,10,0.0,4840,484,-1.6179999999999326
0,485,10,0.0,4850,485,-1.6179999999999326
0,486,10,-0.006,4860,486,-1.623999999999932
0,487,10,-0.006,4870,487,-1.6299999999999313
0,488,10,-0.003,4880,488,-1.632999999999931
0,489,10,0.0,4890,489,-1.632999999999931
0,490,10,-0.006,4900,490,-1.6389999999999303
0,491,10,-0.006,4910,491,-1.6449999999999296
0,492,10,-0.003,4920,492,-1.6479999999999293
0,493,10,0.0,4930,493,-1.6479999999999293
0,494,10,0.0,4940,494,-1.6479999999999293
0,495,10,-0.006,4950,495,-1.6539999999999286
0,496,10,0.0,4960,496,-1.6539999999999286
0,497,10,0.0,4970,497,-1.6539999999999286
0,498,10,-0.006,4980,498,-1.659999999999928
0,499,10,0.0,4990,499,-1.659999999999928
0,500,10,0.0,5000,500,-1.659999999999928
0,501,10,-0.006,5010,501,-1.6659999999999273
0,502,10,-0.005,5020,502,-1.6709999999999268
0,503,10,-0.006,5030,503,-1.676999999999926
0,504,10,-0.003,5040,504,-1.6799999999999258
0,505,10,0.0,5050,505,-1.6799999999999258
0,506,10,-0.006,5060,506,-1.6859999999999251
0,507,10,-0.003,5070,507,-1.6889999999999248
0,508,10,-0.006,5080,508,-1.6949999999999241
0,509,10,-0.006,5090,509,-1.7009999999999235
0,510,10,-0.001,5100,510,-1.7019999999999234
0,511,10,-0.006,5110,511,-1.7079999999999227
0,512,10,-0.001,5120,512,-1.7089999999999226
0,513,10,-0.006,5130,513,-1.714999999999922
0,514,10,-0.006,5140,514,-1.7209999999999213
0,515,10,0.0,5150,515,-1.7209999999999213
0,516,10,0.0,5160,516,-1.7209999999999213
0,517,10,0.0,5170,517,-1.7209999999999213
0,518,10,0.0,5180,518,-1.7209999999999213
0,519,10,-0.006,5190,519,-1.7269999999999206
0,520,10,-0.006,5200,520,-1.73299999999992
0,521,10,-0.006,5210,521,-1.7389999999999193
0,522,10,-0.003,5220,522,-1.741999999999919
0,523,10,-0.006,5230,523,-1.7479999999999183
0,524,10,-0.008,5240,524,-1.7559999999999174
0,525,10,-0.006,5250,525,-1.7619999999999167
0,526,10,0.0,5260,526,-1.7619999999999167
0,527,10,0.0,5270,527,-1.7619999999999167
0,528,10,0.0,5280,528,-1.7619999999999167
0,529,10,0.0,5290,529,-1.7619999999999167
0,530,10,0.0,5300,530,-1.7619999999999167
0,531,10,0.0,5310,531,-1.7619999999999167
0,532,10,0.0,5320,532,-1.7619999999999167
0,533,10,-0.006,5330,533,-1.767999999999916
0,534,10,0.0,5340,534,-1.767999999999916
0,535,10,0.0,5350,535,-1.767999999999916
0,536,10,0.0,5360,536,-1.767999999999916
0,537,10,0.0,5370,537,-1.767999999999916
0,538,10,-0.006,5380,538,-1.7739999999999154
0,539,10,0.0,5390,539,-1.7739999999999154
0,540,10,0.0,5400,540,-1.7739999999999154
0,541,10,0.0,5410,541,-1.7739999999999154
0,542,10,-0.006,5420,542,-1.7799999999999148
0,543,10,0.0,5430,543,-1.7799999999999148
0,544,10,0.0,5440,544,-1.7799999999999148
0,545,10,0.0,5450,545,-1.7799999999999148
0,546,10,0.0,5460,546,-1.7799999999999148
0,547,10,-0.006,5470,547,-1.785999999999914
0,548,10,0.0,5480,548,-1.785999999999914
0,549,10,0.0,5490,549,-1.785999999999914
0,550,10,0.0,5500,550,-1.785999999999914
0,551,10,-0.004,5510,551,-1.7899999999999137
0,552,10,0.0,5520,552,-1.7899999999999137
0,553,10,0.0,5530,553,-1.7899999999999137
0,554,10,0.0,5540,554,-1.7899999999999137
0,555,10,-0.005,5550,555,-1.794999999999913
0,556,10,0.0,5560,556,-1.794999999999913
0,557,10,-0.006,5570,557,-1.8009999999999124
0,558,10,-0.006,5580,558,-1.8069999999999118
0,559,10,-0.003,5590,559,-1.8099999999999115
0,560,10,0.0,5600,560,-1.8099999999999115
0,561,10,0.0,5610,561,-1.8099999999999115
0,562,10,-0.005,5620,562,-1.814999999999911
0,563,10,0.0,5630,563,-1.814999999999911
0,564,10,0.0,5640,564,-1.814999999999911
0,565,10,0.0,5650,565,-1.814999999999911
0,566,10,0.0,5660,566,-1.814999999999911
0,567,10,-0.006,5670,567,-1.8209999999999102
0,568,10,0.0,5680,568,-1.8209999999999102
0,569,10,-0.006,5690,569,-1.8269999999999096
0,570,10,0.0,5700,570,-1.8269999999999096
0,571,10,-0.003,5710,571,-1.8299999999999093
0,572,10,-0.008,5720,572,-1.8379999999999084
0,573,10,-0.006,5730,573,-1.8439999999999077
0,574,10,0.0,5740,574,-1.8439999999999077
0,575,10,-0.006,5750,575,-1.849999999999907
0,576,10,0.0,5760,576,-1.849999999999907
0,577,10,0.0,5770,577,-1.849999999999907
0,578,10,0.0,5780,578,-1.849999999999907
0,579,10,-0.006,5790,579,-1.8559999999999064
0,580,10,-0.006,5800,580,-1.8619999999999057
0,581,10,0.0,5810,581,-1.8619999999999057
0,582,10,0.0,5820,582,-1.8619999999999057
0,583,10,-0.006,5830,583,-1.867999999999905
0,584,10,-0.006,5840,584,-1.8739999999999044
0,585,10,0.0,5850,585,-1.8739999999999044
0,586,10,0.0,5860,586,-1.8739999999999044
0,587,10,0.0,5870,587,-1.8739999999999044
0,588,10,0.0,5880,588,-1.8739999999999044
0,589,10,-0.006,5890,589,-1.8799999999999037
0,590,10,-0.006,5900,590,-1.885999999999903
0,591,10,0.0,5910,591,-1.885999999999903
0,592,10,0.0,5920,592,-1.885999999999903
0,593,10,0.0,5930,593,-1.885999999999903
0,594,10,0.0,5940,594,-1.885999999999903
0,595,10,-0.006,5950,595,-1.8919999999999024
0,596,10,0.0,5960,596,-1.8919999999999024
0,597,10,0.0,5970,597,-1.8919999999999024
0,598,10,-0.006,5980,598,-1.8979999999999018
0,599,10,0.0,5990,599,-1.8979999999999018
0,600,10,0.0,6000,600,-1.8979999999999018
0,601,10,0.0,6010,601,-1.8979999999999018
0,602,10,0.0,6020,602,-1.8979999999999018
0,603,10,0.0,6030,603,-1.8979999999999018
0,604,10,0.0,6040,604,-1.8979999999999018
0,605,10,0.0,6050,605,-1.8979999999999018
0,606,10,-0.006,6060,606,-1.903999999999901
0,607,10,0.0,6070,607,-1.903999999999901
0,608,10,0.0,6080,608,-1.903999999999901
0,609,10,0.0,6090,609,-1.903999999999901
0,610,10,0.0,6100,610,-1.903999999999901
0,611,10,0.0,6110,611,-1.903999999999901
0,612,10,-0.001,6120,612,-1.904999999999901
0,613,10,0.0,6130,613,-1.904999999999901
0,614,10,-0.006,6140,614,-1.9109999999999003
0,615,10,-0.005,6150,615,-1.9159999999998998
0,616,10,0.0,6160,616,-1.9159999999998998
0,617,10,0.0,6170,617,-1.9159999999998998
0,618,10,0.0,6180,618,-1.9159999999998998
0,619,10,0.0,6190,619,-1.9159999999998998
0,620,10,0.0,6200,620,-1.9159999999998998
0,621,10,0.0,6210,621,-1.9159999999998998
0,622,10,0.0,6220,622,-1.9159999999998998
0,623,10,-0.006,6230,623,-1.9219999999998991
0,624,10,0.0,6240,624,-1.9219999999998991
0,625,10,0.0,6250,625,-1.9219999999998991
0,626,10,0.0,6260,626,-1.9219999999998991
0,627,10,0.0,6270,627,-1.9219999999998991
0,628,10,0.0,6280,628,-1.9219999999998991
0,629,10,0.0,6290,629,-1.9219999999998991
0,630,10,0.0,6300,630,-1.9219999999998991
0,631,10,-0.005,6310,631,-1.9269999999998986
0,632,10,0.0,6320,632,-1.9269999999998986
0,633,10,0.0,6330,633,-1.9269999999998986
0,634,10,-0.006,6340,634,-1.932999999999898
0,635,10,-0.005,6350,635,-1.9379999999998974
0,636,10,0.0,6360,636,-1.9379999999998974
0,637,10,0.0,6370,637,-1.9379999999998974
0,638,10,-0.006,6380,638,-1.9439999999998967
0,639,10,0.0,6390,639,-1.9439999999998967
0,640,10,0.0,6400,640,-1.9439999999998967
0,641,10,0.0,6410,641,-1.9439999999998967
0,642,10,0.0,6420,642,-1.9439999999998967
0,643,10,0.0,6430,643,-1.9439999999998967
0,644,10,-0.006,6440,644,-1.949999999999896
0,645,10,-0.006,6450,645,-1.9559999999998954
0,646,10,-0.006,6460,646,-1.9619999999998947
0,647,10,0.0,6470,647,-1.9619999999998947
0,648,10,0.0,6480,648,-1.9619999999998947
0,649,10,0.0,6490,649,-1.9619999999998947
0,650,10,0.0,6500,650,-1.9619999999998947
0,651,10,0.0,6510,651,-1.9619999999998947
0,652,10,0.0,6520,652,-1.9619999999998947
0,653,10,-0.004,6530,653,-1.9659999999998943
0,654,10,-0.006,6540,654,-1.9719999999998936
0,655,10,-0.006,6550,655,-1.977999999999893
0,656,10,0.0,6560,656,-1.977999999999893
0,657,10,0.0,6570,657,-1.977999999999893
0,658,10,0.0,6580,658,-1.977999999999893
0,659,10,-0.006,6590,659,-1.9839999999998923
0,660,10,-0.006,6600,660,-1.9899999999998916
0,661,10,-0.006,6610,661,-1.995999999999891
0,662,10,0.0,6620,662,-1.995999999999891
0,663,10,0.0,6630,663,-1.995999999999891
0,664,10,0.0,6640,664,-1.995999999999891
0,665,10,0.0,6650,665,-1.995999999999891
0,666,10,0.0,6660,666,-1.995999999999891
0,667,10,0.0,6670,667,-1.995999999999891
0,668,10,0.0,6680,668,-1.995999999999891
0,669,10,0.0,6690,669,-1.995999999999891
0,670,10,0.0,6700,670,-1.995999999999891
0,671,10,-0.006,6710,671,-2.0019999999998905
0,672,10,0.0,6720,672,-2.0019999999998905
0,673,10,0.0,6730,673,-2.0019999999998905
0,674,10,-0.002,6740,674,-2.0039999999998903
0,675,10,-0.006,6750,675,-2.0099999999998897
0,676,10,0.0,6760,676,-2.0099999999998897
0,677,10,0.0,6770,677,-2.0099999999998897
0,678,10,-0.006,6780,678,-2.015999999999889
0,679,10,-0.006,6790,679,-2.0219999999998883
0,680,10,0.0,6800,680,-2.0219999999998883
0,681,10,0.0,6810,681,-2.0219999999998883
0,682,10,0.0,6820,682,-2.0219999999998883
0,683,10,0.0,6830,683,-2.0219999999998883
0,684,10,0.0,6840,684,-2.0219999999998883
0,685,10,0.0,6850,685,-2.0219999999998883
0,686,10,-0.006,6860,686,-2.0279999999998877
0,687,10,-0.006,6870,687,-2.033999999999887
0,688,10,0.0,6880,688,-2.033999999999887
0,689,10,-0.006,6890,689,-2.0399999999998863
0,690,10,0.0,6900,690,-2.0399999999998863
0,691,10,-0.006,6910,691,-2.0459999999998857
0,692,10,0.0,6920,692,-2.0459999999998857
0,693,10,0.0,6930,693,-2.0459999999998857
0,694,10,0.0,6940,694,-2.0459999999998857
0,695,10,0.0,6950,695,-2.0459999999998857
0,696,10,0.0,6960,696,-2.0459999999998857
0,697,10,-0.006,6970,697,-2.051999999999885
0,698,10,0.0,6980,698,-2.051999999999885
0,699,10,0.0,6990,699,-2.051999999999885
0,700,10,0.0,7000,700,-2.051999999999885
0,701,10,0.0,7010,701,-2.051999999999885
0,702,10,0.0,7020,702,-2.051999999999885
0,703,10,0.0,7030,703,-2.051999999999885
0,704,10,0.0,7040,704,-2.051999999999885
0,705,10,0.0,7050,705,-2.051999999999885
0,706,10,0.0,7060,706,-2.051999999999885
0,707,10,0.0,7070,707,-2.051999999999885
0,708,10,0.0,7080,708,-2.051999999999885
0,709,10,0.0,7090,709,-2.051999999999885
0,710,10,0.0,7100,710,-2.051999999999885
0,711,10,0.0,7110,711,-2.051999999999885
0,712,10,-0.006,7120,712,-2.0579999999998844
0,713,10,0.0,7130,713,-2.0579999999998844
0,714,10,0.0,7140,714,-2.0579999999998844
0,715,10,0.0,7150,715,-2.0579999999998844
0,716,10,0.0,7160,716,-2.0579999999998844
0,717,10,0.0,7170,717,-2.0579999999998844
0,718,10,-0.006,7180,718,-2.0639999999998837
0,719,10,-0.006,7190,719,-2.069999999999883
0,720,10,-0.006,7200,720,-2.0759999999998824
0,721,10,-0.002,7210,721,-2.077999999999882
0,722,10,0.0,7220,722,-2.077999999999882
0,723,10,0.0,7230,723,-2.077999999999882
0,724,10,-0.006,7240,724,-2.0839999999998815
0,725,10,-0.002,7250,725,-2.0859999999998813
0,726,10,0.0,7260,726,-2.0859999999998813
0,727,10,-0.006,7270,727,-2.0919999999998806
0,728,10,0.0,7280,728,-2.0919999999998806
0,729,10,0.0,7290,729,-2.0919999999998806
0,730,10,-0.006,7300,730,-2.09799999999988
0,731,10,0.0,7310,731,-2.09799999999988
0,732,10,0.0,7320,732,-2.09799999999988
0,733,10,-0.006,7330,733,-2.1039999999998793
0,734,10,-0.002,7340,734,-2.105999999999879
0,735,10,0.0,7350,735,-2.105999999999879
0,736,10,0.0,7360,736,-2.105999999999879
0,737,10,0.0,7370,737,-2.105999999999879
0,738,10,0.0,7380,738,-2.105999999999879
0,739,10,-0.006,7390,739,-2.1119999999998784
0,740,10,-0.006,7400,740,-2.1179999999998778
0,741,10,0.0,7410,741,-2.1179999999998778
0,742,10,0.0,7420,742,-2.1179999999998778
0,743,10,0.0,7430,743,-2.1179999999998778
0,744,10,0.0,7440,744,-2.1179999999998778
0,745,10,-0.006,7450,745,-2.123999999999877
0,746,10,-0.006,7460,746,-2.1299999999998764
0,747,10,-0.006,7470,747,-2.1359999999998758
0,748,10,0.0,7480,748,-2.1359999999998758
0,749,10,-0.004,7490,749,-2.1399999999998753
0,750,10,0.0,7500,750,-2.1399999999998753
0,751,10,0.0,7510,751,-2.1399999999998753
0,752,10,0.0,7520,752,-2.1399999999998753
0,753,10,0.0,7530,753,-2.1399999999998753
0,754,10,0.0,7540,754,-2.1399999999998753
0,755,10,0.0,7550,755,-2.1399999999998753
0,756,10,-0.006,7560,756,-2.1459999999998747
0,757,10,-0.005,7570,757,-2.150999999999874
0,758,10,-0.006,7580,758,-2.1569999999998735
0,759,10,0.0,7590,759,-2.1569999999998735
0,760,10,-0.006,7600,760,-2.162999999999873
0,761,10,0.0,7610,761,-2.162999999999873
0,762,10,0.0,7620,762,-2.162999999999873
0,763,10,0.0,7630,763,-2.162999999999873
0,764,10,0.0,7640,764,-2.162999999999873
0,765,10,0.0,7650,765,-2.162999999999873
0,766,10,0.0,7660,766,-2.162999999999873
0,767,10,-0.006,7670,767,-2.168999999999872
0,768,10,0.0,7680,768,-2.168999999999872
0,769,10,0.0,7690,769,-2.168999999999872
0,770,10,-0.006,7700,770,-2.1749999999998715
0,771,10,0.0,7710,771,-2.1749999999998715
0,772,10,0.0,7720,772,-2.1749999999998715
0,773,10,0.0,7730,773,-2.1749999999998715
0,774,10,0.0,7740,774,-2.1749999999998715
0,775,10,0.0,7750,775,-2.1749999999998715
0,776,10,0.0,7760,776,-2.1749999999998715
0,777,10,0.0,7770,777,-2.1749999999998715
0,778,10,-0.006,7780,778,-2.180999999999871
0,779,10,0.0,7790,779,-2.180999999999871
0,780,10,-0.002,7800,780,-2.1829999999998706
0,781,10,-0.006,7810,781,-2.18899999999987
0,782,10,0.0,7820,782,-2.18899999999987
0,783,10,0.0,7830,783,-2.18899999999987
0,784,10,0.0,7840,784,-2.18899999999987
0,785,10,0.0,7850,785,-2.18899999999987
0,786,10,0.0,7860,786,-2.18899999999987
0,787,10,0.0,7870,787,-2.18899999999987
0,788,10,-0.006,7880,788,-2.1949999999998693
0,789,10,0.0,7890,789,-2.1949999999998693
0,790,10,0.0,7900,790,-2.1949999999998693
0,791,10,-0.006,7910,791,-2.2009999999998686
0,792,10,0.0,7920,792,-2.2009999999998686
0,793,10,0.0,7930,793,-2.2009999999998686
0,794,10,-0.006,7940,794,-2.206999999999868
0,795,10,0.0,7950,795,-2.206999999999868
0,796,10,0.0,7960,796,-2.206999999999868
0,797,10,0.0,7970,797,-2.206999999999868
0,798,10,-0.006,7980,798,-2.2129999999998673
0,799,10,0.0,7990,799,-2.2129999999998673
0,800,10,0.0,8000,800,-2.2129999999998673
0,801,10,0.0,8010,801,-2.2129999999998673
0,802,10,0.0,8020,802,-2.2129999999998673
0,803,10,0.0,8030,803,-2.2129999999998673
0,804,10,-0.006,8040,804,-2.2189999999998666
0,805,10,-0.002,8050,805,-2.2209999999998664
0,806,10,0.0,8060,806,-2.2209999999998664
0,807,10,0.0,8070,807,-2.2209999999998664
0,808,10,0.0,8080,808,-2.2209999999998664
0,809,10,-0.006,8090,809,-2.2269999999998658
0,810,10,-0.006,8100,810,-2.232999999999865
0,811,10,0.0,8110,811,-2.232999999999865
0,812,10,-0.006,8120,812,-2.2389999999998644
0,813,10,0.0,8130,813,-2.2389999999998644
0,814,10,0.0,8140,814,-2.2389999999998644
0,815,10,0.0,8150,815,-2.2389999999998644
0,816,10,0.0,8160,816,-2.2389999999998644
0,817,10,0.0,8170,817,-2.2389999999998644
0,818,10,0.0,8180,818,-2.2389999999998644
0,819,10,0.0,8190,819,-2.2389999999998644
0,820,10,-0.006,8200,820,-2.2449999999998638
0,821,10,-0.006,8210,821,-2.250999999999863
0,822,10,0.0,8220,822,-2.250999999999863
0,823,10,-0.001,8230,823,-2.251999999999863
0,824,10,0.0,8240,824,-2.251999999999863
0,825,10,-0.005,8250,825,-2.2569999999998624
0,826,10,0.0,8260,826,-2.2569999999998624
0,827,10,0.0,8270,827,-2.2569999999998624
0,828,10,-0.006,8280,828,-2.262999999999862
0,829,10,0.0,8290,829,-2.262999999999862
0,830,10,0.0,8300,830,-2.262999999999862
0,831,10,-0.006,8310,831,-2.268999999999861
0,832,10,0.0,8320,832,-2.268999999999861
0,833,10,0.0,8330,833,-2.268999999999861
0,834,10,0.0,8340,834,-2.268999999999861
0,835,10,0.0,8350,835,-2.268999999999861
0,836,10,-0.006,8360,836,-2.2749999999998605
0,837,10,0.0,8370,837,-2.2749999999998605
0,838,10,0.0,8380,838,-2.2749999999998605
0,839,10,0.0,8390,839,-2.2749999999998605
0,840,10,-0.006,8400,840,-2.28099999999986
0,841,10,-0.006,8410,841,-2.286999999999859
0,842,10,-0.006,8420,842,-2.2929999999998585
0,843,10,-0.006,8430,843,-2.298999999999858
0,844,10,-0.006,8440,844,-2.304999999999857
0,845,10,0.0,8450,845,-2.304999999999857
0,846,10,-0.006,8460,846,-2.3109999999998565
0,847,10,0.0,8470,847,-2.3109999999998565
0,848,10,-0.006,8480,848,-2.316999999999856
0,849,10,-0.003,8490,849,-2.3199999999998555
0,850,10,0.0,8500,850,-2.3199999999998555
0,851,10,0.0,8510,851,-2.3199999999998555
0,852,10,-0.006,8520,852,-2.325999999999855
0,853,10,0.0,8530,853,-2.325999999999855
0,854,10,0.0,8540,854,-2.325999999999855
0,855,10,0.0,8550,855,-2.325999999999855
0,856,10,0.0,8560,856,-2.325999999999855
0,857,10,0.0,8570,857,-2.325999999999855
0,858,10,-0.006,8580,858,-2.331999999999854
0,859,10,0.0,8590,859,-2.331999999999854
0,860,10,0.0,8600,860,-2.331999999999854
0,861,10,0.0,8610,861,-2.331999999999854
0,862,10,0.0,8620,862,-2.331999999999854
0,863,10,-0.006,8630,863,-2.3379999999998535
0,864,10,0.0,8640,864,-2.3379999999998535
0,865,10,0.0,8650,865,-2.3379999999998535
0,866,10,0.0,8660,866,-2.3379999999998535
0,867,10,0.0,8670,867,-2.3379999999998535
0,868,10,0.0,8680,868,-2.3379999999998535
0,869,10,-0.006,8690,869,-2.343999999999853
0,870,10,0.0,8700,870,-2.343999999999853
0,871,10,0.0,8710,871,-2.343999999999853
0,872,10,0.0,8720,872,-2.343999999999853
0,873,10,-0.006,8730,873,-2.349999999999852
0,874,10,0.0,8740,874,-2.349999999999852
0,875,10,0.0,8750,875,-2.349999999999852
0,876,10,0.0,8760,876,-2.349999999999852
0,877,10,0.0,8770,877,-2.349999999999852
0,878,10,0.0,8780,878,-2.349999999999852
0,879,10,0.0,8790,879,-2.349999999999852
0,880,10,-0.006,8800,880,-2.3559999999998515
0,881,10,0.0,8810,881,-2.3559999999998515
0,882,10,0.0,8820,882,-2.3559999999998515
0,883,10,0.0,8830,883,-2.3559999999998515
0,884,10,-0.006,8840,884,-2.361999999999851
0,885,10,-0.006,8850,885,-2.3679999999998502
0,886,10,0.0,8860,886,-2.3679999999998502
0,887,10,-0.006,8870,887,-2.3739999999998496
0,888,10,0.0,8880,888,-2.3739999999998496
0,889,10,0.0,8890,889,-2.3739999999998496
0,890,10,0.0,8900,890,-2.3739999999998496
0,891,10,0.0,8910,891,-2.3739999999998496
0,892,10,-0.006,8920,892,-2.379999999999849
0,893,10,0.0,8930,893,-2.379999999999849
0,894,10,0.0,8940,894,-2.379999999999849
0,895,10,-0.006,8950,895,-2.3859999999998482
0,896,10,0.0,8960,896,-2.3859999999998482
0,897,10,0.0,8970,897,-2.3859999999998482
0,898,10,0.0,8980,898,-2.3859999999998482
0,899,10,0.0,8990,899,-2.3859999999998482
0,900,10,0.0,9000,900,-2.3859999999998482
0,901,10,0.0,9010,901,-2.3859999999998482
0,902,10,0.0,9020,902,-2.3859999999998482
0,903,10,0.0,9030,903,-2.3859999999998482
0,904,10,0.0,9040,904,-2.3859999999998482
0,905,10,0.0,9050,905,-2.3859999999998482
0,906,10,0.0,9060,906,-2.3859999999998482
0,907,10,0.0,9070,907,-2.3859999999998482
0,908,10,-0.003,9080,908,-2.388999999999848
0,909,10,0.0,9090,909,-2.388999999999848
0,910,10,0.0,9100,910,-2.388999999999848
0,911,10,0.0,9110,911,-2.388999999999848
0,912,10,0.0,9120,912,-2.388999999999848
0,913,10,0.0,9130,913,-2.388999999999848
0,914,10,0.0,9140,914,-2.388999999999848
0,915,10,0.0,9150,915,-2.388999999999848
0,916,10,0.0,9160,916,-2.388999999999848
0,917,10,0.0,9170,917,-2.388999999999848
0,918,10,-0.006,9180,918,-2.3949999999998473
0,919,10,-0.005,9190,919,-2.3999999999998467
0,920,10,0.0,9200,920,-2.3999999999998467
0,921,10,-0.003,9210,921,-2.4029999999998464
0,922,10,-0.006,9220,922,-2.4089999999998457
0,923,10,0.0,9230,923,-2.4089999999998457
0,924,10,0.0,9240,924,-2.4089999999998457
0,925,10,-0.006,9250,925,-2.414999999999845
0,926,10,0.0,9260,926,-2.414999999999845
0,927,10,-0.005,9270,927,-2.4199999999998445
0,928,10,0.0,9280,928,-2.4199999999998445
0,929,10,0.0,9290,929,-2.4199999999998445
0,930,10,0.0,9300,930,-2.4199999999998445
0,931,10,-0.006,9310,931,-2.425999999999844
0,932,10,0.0,9320,932,-2.425999999999844
0,933,10,0.0,9330,933,-2.425999999999844
0,934,10,0.0,9340,934,-2.425999999999844
0,935,10,0.0,9350,935,-2.425999999999844
0,936,10,0.0,9360,936,-2.425999999999844
0,937,10,0.0,9370,937,-2.425999999999844
0,938,10,0.0,9380,938,-2.425999999999844
0,939,10,0.0,9390,939,-2.425999999999844
0,940,10,0.0,9400,940,-2.425999999999844
0,941,10,0.0,9410,941,-2.425999999999844
0,942,10,0.0,9420,942,-2.425999999999844
0,943,10,0.0,9430,943,-2.425999999999844
0,944,10,-0.006,9440,944,-2.431999999999843
0,945,10,-0.006,9450,945,-2.4379999999998425
0,946,10,0.0,9460,946,-2.4379999999998425
0,947,10,0.0,9470,947,-2.4379999999998425
0,948,10,0.0,9480,948,-2.4379999999998425
0,949,10,0.0,9490,949,-2.4379999999998425
0,950,10,0.0,9500,950,-2.4379999999998425
0,951,10,0.0,9510,951,-2.4379999999998425
0,952,10,0.0,9520,952,-2.4379999999998425
0,953,10,0.0,9530,953,-2.4379999999998425
0,954,10,0.0,9540,954,-2.4379999999998425
0,955,10,0.0,9550,955,-2.4379999999998425
0,956,10,0.0,9560,956,-2.4379999999998425
0,957,10,0.0,9570,957,-2.4379999999998425
0,958,10,0.0,9580,958,-2.4379999999998425
0,959,10,-0.006,9590,959,-2.443999999999842
0,960,10,0.0,9600,960,-2.443999999999842
0,961,10,0.0,9610,961,-2.443999999999842
0,962,10,0.0,9620,962,-2.443999999999842
0,963,10,0.0,9630,963,-2.443999999999842
0,964,10,0.0,9640,964,-2.443999999999842
0,965,10,0.0,9650,965,-2.443999999999842
0,966,10,-0.006,9660,966,-2.449999999999841
0,967,10,0.0,9670,967,-2.449999999999841
0,968,10,0.0,9680,968,-2.449999999999841
0,969,10,0.0,9690,969,-2.449999999999841
0,970,10,0.0,9700,970,-2.449999999999841
0,971,10,0.0,9710,971,-2.449999999999841
0,972,10,0.0,9720,972,-2.449999999999841
0,973,10,0.0,9730,973,-2.449999999999841
0,974,10,0.0,9740,974,-2.449999999999841
0,975,10,-0.004,9750,975,-2.4539999999998408
0,976,10,0.0,9760,976,-2.4539999999998408
0,977,10,0.0,9770,977,-2.4539999999998408
0,978,10,0.0,9780,978,-2.4539999999998408
0,979,10,0.0,9790,979,-2.4539999999998408
0,980,10,0.0,9800,980,-2.4539999999998408
0,981,10,0.0,9810,981,-2.4539999999998408
0,982,10,0.0,9820,982,-2.4539999999998408
0,983,10,0.0,9830,983,-2.4539999999998408
0,984,10,0.0,9840,984,-2.4539999999998408
0,985,10,0.0,9850,985,-2.4539999999998408
0,986,10,0.0,9860,986,-2.4539999999998408
0,987,10,0.0,9870,987,-2.4539999999998408
0,988,10,0.0,9880,988,-2.4539999999998408
0,989,10,0.0,9890,989,-2.4539999999998408
0,990,10,0.0,9900,990,-2.4539999999998408
0,991,10,-0.004,9910,991,-2.4579999999998403
0,992,10,-0.006,9920,992,-2.4639999999998397
0,993,10,0.0,9930,993,-2.4639999999998397
0,994,10,0.0,9940,994,-2.4639999999998397
0,995,10,0.0,9950,995,-2.4639999999998397
0,996,10,-0.005,9960,996,-2.468999999999839
0,997,10,0.0,9970,997,-2.468999999999839
0,998,10,0.0,9980,998,-2.468999999999839
0,999,10,-0.006,9990,999,-2.4749999999998384
0,1000,10,0.0,10000,1000,-2.4749999999998384
0,1001,10,-0.004,10010,1001,-2.478999999999838
0,1002,10,0.0,10020,1002,-2.478999999999838
0,1003,10,0.0,10030,1003,-2.478999999999838
0,1004,10,0.0,10040,1004,-2.478999999999838
0,1005,10,-0.004,10050,1005,-2.4829999999998376
0,1006,10,0.0,10060,1006,-2.4829999999998376
0,1007,10,-0.003,10070,1007,-2.4859999999998372
0,1008,10,-0.006,10080,1008,-2.4919999999998366
0,1009,10,0.0,10090,1009,-2.4919999999998366
0,1010,10,-0.006,10100,1010,-2.497999999999836
0,1011,10,0.0,10110,1011,-2.497999999999836
0,1012,10,0.0,10120,1012,-2.497999999999836
0,1013,10,0.0,10130,1013,-2.497999999999836
0,1014,10,-0.005,10140,1014,-2.5029999999998354
0,1015,10,-0.006,10150,1015,-2.5089999999998347
0,1016,10,0.0,10160,1016,-2.5089999999998347
0,1017,10,0.0,10170,1017,-2.5089999999998347
0,1018,10,-0.006,10180,1018,-2.514999999999834
0,1019,10,-0.006,10190,1019,-2.5209999999998334
0,1020,10,-0.006,10200,1020,-2.5269999999998327
0,1021,10,0.0,10210,1021,-2.5269999999998327
0,1022,10,0.0,10220,1022,-2.5269999999998327
0,1023,10,0.0,10230,1023,-2.5269999999998327
0,1024,10,0.0,10240,1024,-2.5269999999998327
0,1025,10,0.0,10250,1025,-2.5269999999998327
0,1026,10,0.0,10260,1026,-2.5269999999998327
0,1027,10,-0.002,10270,1027,-2.5289999999998325
0,1028,10,0.0,10280,1028,-2.5289999999998325
0,1029,10,-0.006,10290,1029,-2.534999999999832
0,1030,10,0.0,10300,1030,-2.534999999999832
0,1031,10,0.0,10310,1031,-2.534999999999832
0,1032,10,0.0,10320,1032,-2.534999999999832
0,1033,10,0.0,10330,1033,-2.534999999999832
0,1034,10,0.0,10340,1034,-2.534999999999832
0,1035,10,0.0,10350,1035,-2.534999999999832
0,1036,10,0.0,10360,1036,-2.534999999999832
0,1037,10,0.0,10370,1037,-2.534999999999832
0,1038,10,0.0,10380,1038,-2.534999999999832
0,1039,10,0.0,10390,1039,-2.534999999999832
0,1040,10,0.0,10400,1040,-2.534999999999832
0,1041,10,0.0,10410,1041,-2.534999999999832
0,1042,10,0.0,10420,1042,-2.534999999999832
0,1043,10,0.0,10430,1043,-2.534999999999832
0,1044,10,0.0,10440,1044,-2.534999999999832
0,1045,10,0.0,10450,1045,-2.534999999999832
0,1046,10,0.0,10460,1046,-2.534999999999832
0,1047,10,0.0,10470,1047,-2.534999999999832
0,1048,10,-0.006,10480,1048,-2.540999999999831
0,1049,10,0.0,10490,1049,-2.540999999999831
0,1050,10,0.0,10500,1050,-2.540999999999831
0,1051,10,-0.005,10510,1051,-2.5459999999998306
0,1052,10,0.0,10520,1052,-2.5459999999998306
0,1053,10,-0.005,10530,1053,-2.55099999999983
0,1054,10,0.0,10540,1054,-2.55099999999983
0,1055,10,0.0,10550,1055,-2.55099999999983
0,1056,10,-0.006,10560,1056,-2.5569999999998294
0,1057,10,0.0,10570,1057,-2.5569999999998294
0,1058,10,0.0,10580,1058,-2.5569999999998294
0,1059,10,0.0,10590,1059,-2.5569999999998294
0,1060,10,0.0,10600,1060,-2.5569999999998294
0,1061,10,0.0,10610,1061,-2.5569999999998294
0,1062,10,0.0,10620,1062,-2.5569999999998294
0,1063,10,-0.006,10630,1063,-2.5629999999998287
0,1064,10,0.0,10640,1064,-2.5629999999998287
0,1065,10,0.0,10650,1065,-2.5629999999998287
0,1066,10,0.0,10660,1066,-2.5629999999998287
0,1067,10,0.0,10670,1067,-2.5629999999998287
0,1068,10,0.0,10680,1068,-2.5629999999998287
0,1069,10,0.0,10690,1069,-2.5629999999998287
0,1070,10,0.0,10700,1070,-2.5629999999998287
0,1071,10,-0.006,10710,1071,-2.568999999999828
0,1072,10,0.0,10720,1072,-2.568999999999828
0,1073,10,0.0,10730,1073,-2.568999999999828
0,1074,10,-0.006,10740,1074,-2.5749999999998274
0,1075,10,-0.006,10750,1075,-2.5809999999998268
0,1076,10,-0.003,10760,1076,-2.5839999999998264
0,1077,10,0.0,10770,1077,-2.5839999999998264
0,1078,10,-0.006,10780,1078,-2.5899999999998258
0,1079,10,0.0,10790,1079,-2.5899999999998258
0,1080,10,0.0,10800,1080,-2.5899999999998258
0,1081,10,0.0,10810,1081,-2.5899999999998258
0,1082,10,0.0,10820,1082,-2.5899999999998258
0,1083,10,0.0,10830,1083,-2.5899999999998258
0,1084,10,0.0,10840,1084,-2.5899999999998258
0,1085,10,0.0,10850,1085,-2.5899999999998258
0,1086,10,0.0,10860,1086,-2.5899999999998258
0,1087,10,-0.006,10870,1087,-2.595999999999825
0,1088,10,-0.006,10880,1088,-2.6019999999998245
0,1089,10,0.0,10890,1089,-2.6019999999998245
0,1090,10,0.0,10900,1090,-2.6019999999998245
0,1091,10,0.0,10910,1091,-2.6019999999998245
0,1092,10,-0.006,10920,1092,-2.607999999999824
0,1093,10,-0.006,10930,1093,-2.613999999999823
0,1094,10,0.0,10940,1094,-2.613999999999823
0,1095,10,0.0,10950,1095,-2.613999999999823
0,1096,10,0.0,10960,1096,-2.613999999999823
0,1097,10,0.0,10970,1097,-2.613999999999823
0,1098,10,-0.006,10980,1098,-2.6199999999998225
0,1099,10,0.0,10990,1099,-2.6199999999998225
0,1100,10,0.0,11000,1100,-2.6199999999998225
0,1101,10,0.0,11010,1101,-2.6199999999998225
0,1102,10,0.0,11020,1102,-2.6199999999998225
0,1103,10,0.0,11030,1103,-2.6199999999998225
0,1104,10,-0.006,11040,1104,-2.625999999999822
0,1105,10,-0.006,11050,1105,-2.631999999999821
0,1106,10,0.0,11060,1106,-2.631999999999821
0,1107,10,0.0,11070,1107,-2.631999999999821
0,1108,10,0.0,11080,1108,-2.631999999999821
0,1109,10,0.0,11090,1109,-2.631999999999821
0,1110,10,0.0,11100,1110,-2.631999999999821
0,1111,10,0.0,11110,1111,-2.631999999999821
0,1112,10,0.0,11120,1112,-2.631999999999821
0,1113,10,0.0,11130,1113,-2.631999999999821
0,1114,10,0.0,11140,1114,-2.631999999999821
0,1115,10,-0.006,11150,1115,-2.6379999999998205
0,1116,10,0.0,11160,1116,-2.6379999999998205
0,1117,10,0.0,11170,1117,-2.6379999999998205
0,1118,10,0.0,11180,1118,-2.6379999999998205
0,1119,10,0.0,11190,1119,-2.6379999999998205
0,1120,10,0.0,11200,1120,-2.6379999999998205
0,1121,10,0.0,11210,1121,-2.6379999999998205
0,1122,10,0.0,11220,1122,-2.6379999999998205
0,1123,10,0.0,11230,1123,-2.6379999999998205
0,1124,10,0.0,11240,1124,-2.6379999999998205
0,1125,10,0.0,11250,1125,-2.6379999999998205
0,1126,10,0.0,11260,1126,-2.6379999999998205
0,1127,10,0.0,11270,1127,-2.6379999999998205
0,1128,10,0.0,11280,1128,-2.6379999999998205
0,1129,10,-0.006,11290,1129,-2.64399999999982
0,1130,10,0.0,11300,1130,-2.64399999999982
0,1131,10,-0.006,11310,1131,-2.649999999999819
0,1132,10,0.0,11320,1132,-2.649999999999819
0,1133,10,0.0,11330,1133,-2.649999999999819
0,1134,10,0.0,11340,1134,-2.649999999999819
0,1135,10,0.0,11350,1135,-2.649999999999819
0,1136,10,0.0,11360,1136,-2.649999999999819
0,1137,10,0.0,11370,1137,-2.649999999999819
0,1138,10,0.0,11380,1138,-2.649999999999819
0,1139,10,0.0,11390,1139,-2.649999999999819
0,1140,10,0.0,11400,1140,-2.649999999999819
0,1141,10,0.0,11410,1141,-2.649999999999819
0,1142,10,0.0,11420,1142,-2.649999999999819
0,1143,10,0.0,11430,1143,-2.649999999999819
0,1144,10,0.0,11440,1144,-2.649999999999819
0,1145,10,0.0,11450,1145,-2.649999999999819
0,1146,10,-0.005,11460,1146,-2.6549999999998186
0,1147,10,0.0,11470,1147,-2.6549999999998186
0,1148,10,0.0,11480,1148,-2.6549999999998186
0,1149,10,0.0,11490,1149,-2.6549999999998186
0,1150,10,0.0,11500,1150,-2.6549999999998186
0,1151,10,0.0,11510,1151,-2.6549999999998186
0,1152,10,0.0,11520,1152,-2.6549999999998186
0,1153,10,0.0,11530,1153,-2.6549999999998186
0,1154,10,0.0,11540,1154,-2.6549999999998186
0,1155,10,0.0,11550,1155,-2.6549999999998186
0,1156,10,0.0,11560,1156,-2.6549999999998186
0,1157,10,0.0,11570,1157,-2.6549999999998186
0,1158,10,0.0,11580,1158,-2.6549999999998186
0,1159,10,0.0,11590,1159,-2.6549999999998186
0,1160,10,0.0,11600,1160,-2.6549999999998186
0,1161,10,0.0,11610,1161,-2.6549999999998186
0,1162,10,0.0,11620,1162,-2.6549999999998186
0,1163,10,0.0,11630,1163,-2.6549999999998186
0,1164,10,0.0,11640,1164,-2.6549999999998186
0,1165,10,0.0,11650,1165,-2.6549999999998186
0,1166,10,0.0,11660,1166,-2.6549999999998186
0,1167,10,0.0,11670,1167,-2.6549999999998186
0,1168,10,-0.006,11680,1168,-2.660999999999818
0,1169,10,0.0,11690,1169,-2.660999999999818
0,1170,10,0.0,11700,1170,-2.660999999999818
0,1171,10,-0.006,11710,1171,-2.6669999999998173
0,1172,10,0.0,11720,1172,-2.6669999999998173
0,1173,10,-0.006,11730,1173,-2.6729999999998166
0,1174,10,-0.006,11740,1174,-2.678999999999816
0,1175,10,-0.006,11750,1175,-2.6849999999998153
0,1176,10,0.0,11760,1176,-2.6849999999998153
0,1177,10,0.0,11770,1177,-2.6849999999998153
0,1178,10,0.0,11780,1178,-2.6849999999998153
0,1179,10,-0.006,11790,1179,-2.6909999999998147
0,1180,10,0.0,11800,1180,-2.6909999999998147
0,1181,10,0.0,11810,1181,-2.6909999999998147
0,1182,10,0.0,11820,1182,-2.6909999999998147
0,1183,10,0.0,11830,1183,-2.6909999999998147
0,1184,10,0.0,11840,1184,-2.6909999999998147
0,1185,10,0.0,11850,1185,-2.6909999999998147
0,1186,10,0.0,11860,1186,-2.6909999999998147
0,1187,10,0.0,11870,1187,-2.6909999999998147
0,1188,10,0.0,11880,1188,-2.6909999999998147
0,1189,10,0.0,11890,1189,-2.6909999999998147
0,1190,10,0.0,11900,1190,-2.6909999999998147
0,1191,10,0.0,11910,1191,-2.6909999999998147
0,1192,10,0.0,11920,1192,-2.6909999999998147
0,1193,10,0.0,11930,1193,-2.6909999999998147
0,1194,10,0.0,11940,1194,-2.6909999999998147
0,1195,10,0.0,11950,1195,-2.6909999999998147
0,1196,10,0.0,11960,1196,-2.6909999999998147
0,1197,10,-0.006,11970,1197,-2.696999999999814
0,1198,10,0.0,11980,1198,-2.696999999999814
0,1199,10,-0.001,11990,1199,-2.697999999999814
0,1200,10,0.0,12000,1200,-2.697999999999814
0,1201,10,0.0,12010,1201,-2.697999999999814
0,1202,10,-0.006,12020,1202,-2.703999999999813
0,1203,10,0.0,12030,1203,-2.703999999999813
0,1204,10,0.0,12040,1204,-2.703999999999813
0,1205,10,0.0,12050,1205,-2.703999999999813
0,1206,10,0.0,12060,1206,-2.703999999999813
0,1207,10,0.0,12070,1207,-2.703999999999813
0,1208,10,0.0,12080,1208,-2.703999999999813
0,1209,10,-0.006,12090,1209,-2.7099999999998126
0,1210,10,0.0,12100,1210,-2.7099999999998126
0,1211,10,-0.006,12110,1211,-2.715999999999812
0,1212,10,0.0,12120,1212,-2.715999999999812
0,1213,10,0.0,12130,1213,-2.715999999999812
0,1214,10,0.0,12140,1214,-2.715999999999812
0,1215,10,0.0,12150,1215,-2.715999999999812
0,1216,10,0.0,12160,1216,-2.715999999999812
0,1217,10,0.0,12170,1217,-2.715999999999812
0,1218,10,0.0,12180,1218,-2.715999999999812
0,1219,10,-0.006,12190,1219,-2.7219999999998112
0,1220,10,-0.006,12200,1220,-2.7279999999998106
0,1221,10,0.0,12210,1221,-2.7279999999998106
0,1222,10,0.0,12220,1222,-2.7279999999998106
0,1223,10,0.0,12230,1223,-2.7279999999998106
0,1224,10,-0.006,12240,1224,-2.73399999999981
0,1225,10,-0.005,12250,1225,-2.7389999999998094
0,1226,10,0.0,12260,1226,-2.7389999999998094
0,1227,10,0.0,12270,1227,-2.7389999999998094
0,1228,10,-0.006,12280,1228,-2.7449999999998087
0,1229,10,0.0,12290,1229,-2.7449999999998087
0,1230,10,0.0,12300,1230,-2.7449999999998087
0,1231,10,0.0,12310,1231,-2.7449999999998087
0,1232,10,0.0,12320,1232,-2.7449999999998087
0,1233,10,0.0,12330,1233,-2.7449999999998087
0,1234,10,0.0,12340,1234,-2.7449999999998087
0,1235,10,0.0,12350,1235,-2.7449999999998087
0,1236,10,-0.006,12360,1236,-2.750999999999808
0,1237,10,0.0,12370,1237,-2.750999999999808
0,1238,10,0.0,12380,1238,-2.750999999999808
0,1239,10,-0.003,12390,1239,-2.7539999999998077
0,1240,10,0.0,12400,1240,-2.7539999999998077
0,1241,10,-0.005,12410,1241,-2.758999999999807
0,1242,10,0.0,12420,1242,-2.758999999999807
0,1243,10,0.0,12430,1243,-2.758999999999807
0,1244,10,0.0,12440,1244,-2.758999999999807
0,1245,10,0.0,12450,1245,-2.758999999999807
0,1246,10,0.0,12460,1246,-2.758999999999807
0,1247,10,0.0,12470,1247,-2.758999999999807
0,1248,10,0.0,12480,1248,-2.758999999999807
0,1249,10,0.0,12490,1249,-2.758999999999807
0,1250,10,0.0,12500,1250,-2.758999999999807
0,1251,10,0.0,12510,1251,-2.758999999999807
0,1252,10,0.0,12520,1252,-2.758999999999807
0,1253,10,0.0,12530,1253,-2.758999999999807
0,1254,10,0.0,12540,1254,-2.758999999999807
0,1255,10,0.0,12550,1255,-2.758999999999807
0,1256,10,0.0,12560,1256,-2.758999999999807
0,1257,10,-0.003,12570,1257,-2.761999999999807
0,1258,10,0.0,12580,1258,-2.761999999999807
0,1259,10,0.0,12590,1259,-2.761999999999807
0,1260,10,0.0,12600,1260,-2.761999999999807
0,1261,10,0.0,12610,1261,-2.761999999999807
0,1262,10,0.0,12620,1262,-2.761999999999807
0,1263,10,0.0,12630,1263,-2.761999999999807
0,1264,10,-0.006,12640,1264,-2.767999999999806
0,1265,10,0.0,12650,1265,-2.767999999999806
0,1266,10,0.0,12660,1266,-2.767999999999806
0,1267,10,0.0,12670,1267,-2.767999999999806
0,1268,10,-0.006,12680,1268,-2.7739999999998055
0,1269,10,0.0,12690,1269,-2.7739999999998055
0,1270,10,-0.006,12700,1270,-2.779999999999805
0,1271,10,0.0,12710,1271,-2.779999999999805
0,1272,10,0.0,12720,1272,-2.779999999999805
0,1273,10,0.0,12730,1273,-2.779999999999805
0,1274,10,0.0,12740,1274,-2.779999999999805
0,1275,10,0.0,12750,1275,-2.779999999999805
0,1276,10,0.0,12760,1276,-2.779999999999805
0,1277,10,0.0,12770,1277,-2.779999999999805
0,1278,10,0.0,12780,1278,-2.779999999999805
0,1279,10,0.0,12790,1279,-2.779999999999805
0,1280,10,0.0,12800,1280,-2.779999999999805
0,1281,10,0.0,12810,1281,-2.779999999999805
0,1282,10,0.0,12820,1282,-2.779999999999805
0,1283,10,-0.001,12830,1283,-2.7809999999998047
0,1284,10,0.0,12840,1284,-2.7809999999998047
0,1285,10,0.0,12850,1285,-2.7809999999998047
0,1286,10,0.0,12860,1286,-2.7809999999998047
0,1287,10,0.0,12870,1287,-2.7809999999998047
0,1288,10,-0.002,12880,1288,-2.7829999999998045
0,1289,10,-0.002,12890,1289,-2.7849999999998043
0,1290,10,0.0,12900,1290,-2.7849999999998043
0,1291,10,0.0,12910,1291,-2.7849999999998043
0,1292,10,-0.006,12920,1292,-2.7909999999998036
0,1293,10,0.0,12930,1293,-2.7909999999998036
0,1294,10,0.0,12940,1294,-2.7909999999998036
0,1295,10,-0.003,12950,1295,-2.7939999999998033
0,1296,10,0.0,12960,1296,-2.7939999999998033
0,1297,10,0.0,12970,1297,-2.7939999999998033
0,1298,10,-0.003,12980,1298,-2.796999999999803
0,1299,10,0.0,12990,1299,-2.796999999999803
0,1300,10,0.0,13000,1300,-2.796999999999803
0,1301,10,0.0,13010,1301,-2.796999999999803
0,1302,10,0.0,13020,1302,-2.796999999999803
0,1303,10,0.0,13030,1303,-2.796999999999803
0,1304,10,0.0,13040,1304,-2.796999999999803
0,1305,10,0.0,13050,1305,-2.796999999999803
0,1306,10,0.0,13060,1306,-2.796999999999803
0,1307,10,0.0,13070,1307,-2.796999999999803
0,1308,10,0.0,13080,1308,-2.796999999999803
0,1309,10,-0.006,13090,1309,-2.8029999999998023
0,1310,10,0.0,13100,1310,-2.8029999999998023
0,1311,10,0.0,13110,1311,-2.8029999999998023
0,1312,10,0.0,13120,1312,-2.8029999999998023
0,1313,10,0.0,13130,1313,-2.8029999999998023
0,1314,10,0.0,13140,1314,-2.8029999999998023
0,1315,10,0.0,13150,1315,-2.8029999999998023
0,1316,10,0.0,13160,1316,-2.8029999999998023
0,1317,10,-0.006,13170,1317,-2.8089999999998017
0,1318,10,0.0,13180,1318,-2.8089999999998017
0,1319,10,0.0,13190,1319,-2.8089999999998017
0,1320,10,0.0,13200,1320,-2.8089999999998017
0,1321,10,-0.002,13210,1321,-2.8109999999998014
0,1322,10,0.0,13220,1322,-2.8109999999998014
0,1323,10,0.0,13230,1323,-2.8109999999998014
0,1324,10,0.0,13240,1324,-2.8109999999998014
0,1325,10,0.0,13250,1325,-2.8109999999998014
0,1326,10,0.0,13260,1326,-2.8109999999998014
0,1327,10,0.0,13270,1327,-2.8109999999998014
0,1328,10,0.0,13280,1328,-2.8109999999998014
0,1329,10,0.0,13290,1329,-2.8109999999998014
0,1330,10,0.0,13300,1330,-2.8109999999998014
0,1331,10,0.0,13310,1331,-2.8109999999998014
0,1332,10,0.0,13320,1332,-2.8109999999998014
0,1333,10,0.0,13330,1333,-2.8109999999998014
0,1334,10,0.0,13340,1334,-2.8109999999998014
0,1335,10,0.0,13350,1335,-2.8109999999998014
0,1336,10,-0.006,13360,1336,-2.8169999999998008
0,1337,10,0.0,13370,1337,-2.8169999999998008
0,1338,10,0.0,13380,1338,-2.8169999999998008
0,1339,10,-0.002,13390,1339,-2.8189999999998006
0,1340,10,-0.006,13400,1340,-2.8249999999998
0,1341,10,0.0,13410,1341,-2.8249999999998
0,1342,10,-0.002,13420,1342,-2.8269999999997997
0,1343,10,0.0,13430,1343,-2.8269999999997997
0,1344,10,0.0,13440,1344,-2.8269999999997997
0,1345,10,0.0,13450,1345,-2.8269999999997997
0,1346,10,0.0,13460,1346,-2.8269999999997997
0,1347,10,0.0,13470,1347,-2.8269999999997997
0,1348,10,-0.004,13480,1348,-2.8309999999997992
0,1349,10,0.0,13490,1349,-2.8309999999997992
0,1350,10,0.0,13500,1350,-2.8309999999997992
0,1351,10,0.0,13510,1351,-2.8309999999997992
0,1352,10,0.0,13520,1352,-2.8309999999997992
0,1353,10,-0.006,13530,1353,-2.8369999999997986
0,1354,10,0.0,13540,1354,-2.8369999999997986
0,1355,10,-0.006,13550,1355,-2.842999999999798
0,1356,10,-0.006,13560,1356,-2.8489999999997973
0,1357,10,0.0,13570,1357,-2.8489999999997973
0,1358,10,0.0,13580,1358,-2.8489999999997973
0,1359,10,0.0,13590,1359,-2.8489999999997973
0,1360,10,0.0,13600,1360,-2.8489999999997973
0,1361,10,-0.006,13610,1361,-2.8549999999997966
0,1362,10,0.0,13620,1362,-2.8549999999997966
0,1363,10,-0.002,13630,1363,-2.8569999999997964
0,1364,10,0.0,13640,1364,-2.8569999999997964
0,1365,10,0.0,13650,1365,-2.8569999999997964
0,1366,10,0.0,13660,1366,-2.8569999999997964
0,1367,10,0.0,13670,1367,-2.8569999999997964
0,1368,10,0.0,13680,1368,-2.8569999999997964
0,1369,10,0.0,13690,1369,-2.8569999999997964
0,1370,10,0.0,13700,1370,-2.8569999999997964
0,1371,10,0.0,13710,1371,-2.8569999999997964
0,1372,10,-0.006,13720,1372,-2.8629999999997957
0,1373,10,0.0,13730,1373,-2.8629999999997957
0,1374,10,0.0,13740,1374,-2.8629999999997957
0,1375,10,0.0,13750,1375,-2.8629999999997957
0,1376,10,0.0,13760,1376,-2.8629999999997957
0,1377,10,-0.006,13770,1377,-2.868999999999795
0,1378,10,-0.002,13780,1378,-2.870999999999795
0,1379,10,0.0,13790,1379,-2.870999999999795
0,1380,10,0.0,13800,1380,-2.870999999999795
0,1381,10,0.0,13810,1381,-2.870999999999795
0,1382,10,0.0,13820,1382,-2.870999999999795
0,1383,10,0.0,13830,1383,-2.870999999999795
0,1384,10,0.0,13840,1384,-2.870999999999795
0,1385,10,-0.006,13850,1385,-2.876999999999794
0,1386,10,0.0,13860,1386,-2.876999999999794
0,1387,10,0.0,13870,1387,-2.876999999999794
0,1388,10,0.0,13880,1388,-2.876999999999794
0,1389,10,0.0,13890,1389,-2.876999999999794
0,1390,10,0.0,13900,1390,-2.876999999999794
0,1391,10,0.0,13910,1391,-2.876999999999794
0,1392,10,0.0,13920,1392,-2.876999999999794
0,1393,10,0.0,13930,1393,-2.876999999999794
0,1394,10,0.0,13940,1394,-2.876999999999794
0,1395,10,0.0,13950,1395,-2.876999999999794
0,1396,10,0.0,13960,1396,-2.876999999999794
0,1397,10,0.0,13970,1397,-2.876999999999794
0,1398,10,0.0,13980,1398,-2.876999999999794
0,1399,10,0.0,13990,1399,-2.876999999999794
0,1400,10,0.0,14000,1400,-2.876999999999794
0,1401,10,-0.006,14010,1401,-2.8829999999997935
0,1402,10,0.0,14020,1402,-2.8829999999997935
0,1403,10,-0.006,14030,1403,-2.888999999999793
0,1404,10,0.0,14040,1404,-2.888999999999793
0,1405,10,0.0,14050,1405,-2.888999999999793
0,1406,10,0.0,14060,1406,-2.888999999999793
0,1407,10,-0.002,14070,1407,-2.8909999999997926
0,1408,10,0.0,14080,1408,-2.8909999999997926
0,1409,10,0.0,14090,1409,-2.8909999999997926
0,1410,10,-0.002,14100,1410,-2.8929999999997924
0,1411,10,-0.006,14110,1411,-2.8989999999997917
0,1412,10,0.0,14120,1412,-2.8989999999997917
0,1413,10,0.0,14130,1413,-2.8989999999997917
0,1414,10,0.0,14140,1414,-2.8989999999997917
0,1415,10,0.0,14150,1415,-2.8989999999997917
0,1416,10,0.0,14160,1416,-2.8989999999997917
0,1417,10,0.0,14170,1417,-2.8989999999997917
0,1418,10,0.0,14180,1418,-2.8989999999997917
0,1419,10,0.0,14190,1419,-2.8989999999997917
0,1420,10,0.0,14200,1420,-2.8989999999997917
0,1421,10,0.0,14210,1421,-2.8989999999997917
0,1422,10,0.0,14220,1422,-2.8989999999997917
0,1423,10,0.0,14230,1423,-2.8989999999997917
0,1424,10,0.0,14240,1424,-2.8989999999997917
0,1425,10,0.0,14250,1425,-2.8989999999997917
0,1426,10,-0.006,14260,1426,-2.904999999999791
0,1427,10,0.0,14270,1427,-2.904999999999791
0,1428,10,0.0,14280,1428,-2.904999999999791
0,1429,10,0.0,14290,1429,-2.904999999999791
0,1430,10,0.0,14300,1430,-2.904999999999791
0,1431,10,0.0,14310,1431,-2.904999999999791
0,1432,10,0.0,14320,1432,-2.904999999999791
0,1433,10,-0.002,14330,1433,-2.906999999999791
0,1434,10,0.0,14340,1434,-2.906999999999791
0,1435,10,0.0,14350,1435,-2.906999999999791
0,1436,10,-0.006,14360,1436,-2.91299999999979
0,1437,10,0.0,14370,1437,-2.91299999999979
0,1438,10,-0.006,14380,1438,-2.9189999999997895
0,1439,10,0.0,14390,1439,-2.9189999999997895
0,1440,10,0.0,14400,1440,-2.9189999999997895
0,1441,10,0.0,14410,1441,-2.9189999999997895
0,1442,10,0.0,14420,1442,-2.9189999999997895
0,1443,10,0.0,14430,1443,-2.9189999999997895
0,1444,10,0.0,14440,1444,-2.9189999999997895
0,1445,10,0.0,14450,1445,-2.9189999999997895
0,1446,10,0.0,14460,1446,-2.9189999999997895
0,1447,10,0.0,14470,1447,-2.9189999999997895
0,1448,10,0.0,14480,1448,-2.9189999999997895
0,1449,10,0.0,14490,1449,-2.9189999999997895
0,1450,10,0.0,14500,1450,-2.9189999999997895
0,1451,10,0.0,14510,1451,-2.9189999999997895
0,1452,10,0.0,14520,1452,-2.9189999999997895
0,1453,10,0.0,14530,1453,-2.9189999999997895
0,1454,10,0.0,14540,1454,-2.9189999999997895
0,1455,10,0.0,14550,1455,-2.9189999999997895
0,1456,10,-0.006,14560,1456,-2.924999999999789
0,1457,10,0.0,14570,1457,-2.924999999999789
0,1458,10,0.0,14580,1458,-2.924999999999789
0,1459,10,0.0,14590,1459,-2.924999999999789
0,1460,10,0.0,14600,1460,-2.924999999999789
0,1461,10,0.0,14610,1461,-2.924999999999789
0,1462,10,0.0,14620,1462,-2.924999999999789
0,1463,10,0.0,14630,1463,-2.924999999999789
0,1464,10,-0.002,14640,1464,-2.9269999999997887
0,1465,10,0.0,14650,1465,-2.9269999999997887
0,1466,10,0.0,14660,1466,-2.9269999999997887
0,1467,10,0.0,14670,1467,-2.9269999999997887
0,1468,10,0.0,14680,1468,-2.9269999999997887
0,1469,10,0.0,14690,1469,-2.9269999999997887
0,1470,10,0.0,14700,1470,-2.9269999999997887
0,1471,10,0.0,14710,1471,-2.9269999999997887
0,1472,10,0.0,14720,1472,-2.9269999999997887
0,1473,10,0.0,14730,1473,-2.9269999999997887
0,1474,10,0.0,14740,1474,-2.9269999999997887
0,1475,10,0.0,14750,1475,-2.9269999999997887
0,1476,10,-0.002,14760,1476,-2.9289999999997884
0,1477,10,0.0,14770,1477,-2.9289999999997884
0,1478,10,0.0,14780,1478,-2.9289999999997884
0,1479,10,0.0,14790,1479,-2.9289999999997884
0,1480,10,0.0,14800,1480,-2.9289999999997884
0,1481,10,0.0,14810,1481,-2.9289999999997884
0,1482,10,-0.006,14820,1482,-2.934999999999788
0,1483,10,0.0,14830,1483,-2.934999999999788
0,1484,10,-0.003,14840,1484,-2.9379999999997874
0,1485,10,0.0,14850,1485,-2.9379999999997874
0,1486,10,0.0,14860,1486,-2.9379999999997874
0,1487,10,0.0,14870,1487,-2.9379999999997874
0,1488,10,0.0,14880,1488,-2.9379999999997874
0,1489,10,0.0,14890,1489,-2.9379999999997874
0,1490,10,0.0,14900,1490,-2.9379999999997874
0,1491,10,0.0,14910,1491,-2.9379999999997874
0,1492,10,0.0,14920,1492,-2.9379999999997874
0,1493,10,0.0,14930,1493,-2.9379999999997874
0,1494,10,0.0,14940,1494,-2.9379999999997874
0,1495,10,0.0,14950,1495,-2.9379999999997874
0,1496,10,0.0,14960,1496,-2.9379999999997874
0,1497,10,0.0,14970,1497,-2.9379999999997874
0,1498,10,0.0,14980,1498,-2.9379999999997874
0,1499,10,-0.006,14990,1499,-2.943999999999787
0,1500,10,0.0,15000,1500,-2.943999999999787
0,1501,10,0.0,15010,1501,-2.943999999999787
0,1502,10,-0.006,15020,1502,-2.949999999999786
0,1503,10,0.0,15030,1503,-2.949999999999786
0,1504,10,0.0,15040,1504,-2.949999999999786
0,1505,10,0.0,15050,1505,-2.949999999999786
0,1506,10,0.0,15060,1506,-2.949999999999786
0,1507,10,0.0,15070,1507,-2.949999999999786
0,1508,10,-0.006,15080,1508,-2.9559999999997855
0,1509,10,-0.006,15090,1509,-2.961999999999785
0,1510,10,0.0,15100,1510,-2.961999999999785
0,1511,10,0.0,15110,1511,-2.961999999999785
0,1512,10,0.0,15120,1512,-2.961999999999785
0,1513,10,0.0,15130,1513,-2.961999999999785
0,1514,10,0.0,15140,1514,-2.961999999999785
0,1515,10,-0.006,15150,1515,-2.967999999999784
0,1516,10,0.0,15160,1516,-2.967999999999784
0,1517,10,0.0,15170,1517,-2.967999999999784
0,1518,10,0.0,15180,1518,-2.967999999999784
0,1519,10,0.0,15190,1519,-2.967999999999784
0,1520,10,0.0,15200,1520,-2.967999999999784
0,1521,10,0.0,15210,1521,-2.967999999999784
0,1522,10,0.0,15220,1522,-2.967999999999784
0,1523,10,-0.006,15230,1523,-2.9739999999997835
0,1524,10,0.0,15240,1524,-2.9739999999997835
0,1525,10,0.0,15250,1525,-2.9739999999997835
0,1526,10,0.0,15260,1526,-2.9739999999997835
0,1527,10,0.0,15270,1527,-2.9739999999997835
0,1528,10,0.0,15280,1528,-2.9739999999997835
0,1529,10,0.0,15290,1529,-2.9739999999997835
0,1530,10,-0.006,15300,1530,-2.979999999999783
0,1531,10,0.0,15310,1531,-2.979999999999783
0,1532,10,-0.006,15320,1532,-2.985999999999782
0,1533,10,0.0,15330,1533,-2.985999999999782
0,1534,10,0.0,15340,1534,-2.985999999999782
0,1535,10,0.0,15350,1535,-2.985999999999782
0,1536,10,0.0,15360,1536,-2.985999999999782
0,1537,10,-0.006,15370,1537,-2.9919999999997815
0,1538,10,0.0,15380,1538,-2.9919999999997815
0,1539,10,0.0,15390,1539,-2.9919999999997815
0,1540,10,0.0,15400,1540,-2.9919999999997815
0,1541,10,0.0,15410,1541,-2.9919999999997815
0,1542,10,-0.002,15420,1542,-2.9939999999997813
0,1543,10,0.0,15430,1543,-2.9939999999997813
0,1544,10,-0.006,15440,1544,-2.9999999999997806
0,1545,10,-0.006,15450,1545,-3.00599999999978
0,1546,10,0.0,15460,1546,-3.00599999999978
0,1547,10,0.0,15470,1547,-3.00599999999978
0,1548,10,-0.001,15480,1548,-3.00699999999978
0,1549,10,0.0,15490,1549,-3.00699999999978
0,1550,10,0.0,15500,1550,-3.00699999999978
0,1551,10,-0.006,15510,1551,-3.012999999999779
0,1552,10,0.0,15520,1552,-3.012999999999779
0,1553,10,0.0,15530,1553,-3.012999999999779
0,1554,10,0.0,15540,1554,-3.012999999999779
0,1555,10,0.0,15550,1555,-3.012999999999779
0,1556,10,0.0,15560,1556,-3.012999999999779
0,1557,10,-0.002,15570,1557,-3.014999999999779
0,1558,10,0.0,15580,1558,-3.014999999999779
0,1559,10,-0.005,15590,1559,-3.0199999999997784
0,1560,10,0.0,15600,1560,-3.0199999999997784
0,1561,10,-0.006,15610,1561,-3.0259999999997778
0,1562,10,0.0,15620,1562,-3.0259999999997778
0,1563,10,0.0,15630,1563,-3.0259999999997778
0,1564,10,0.0,15640,1564,-3.0259999999997778
0,1565,10,0.0,15650,1565,-3.0259999999997778
0,1566,10,0.0,15660,1566,-3.0259999999997778
0,1567,10,0.0,15670,1567,-3.0259999999997778
0,1568,10,0.0,15680,1568,-3.0259999999997778
0,1569,10,0.0,15690,1569,-3.0259999999997778
0,1570,10,0.0,15700,1570,-3.0259999999997778
0,1571,10,0.0,15710,1571,-3.0259999999997778
0,1572,10,0.0,15720,1572,-3.0259999999997778
0,1573,10,0.0,15730,1573,-3.0259999999997778
0,1574,10,0.0,15740,1574,-3.0259999999997778
0,1575,10,0.0,15750,1575,-3.0259999999997778
0,1576,10,-0.002,15760,1576,-3.0279999999997775
0,1577,10,0.0,15770,1577,-3.0279999999997775
0,1578,10,-0.006,15780,1578,-3.033999999999777
0,1579,10,0.0,15790,1579,-3.033999999999777
0,1580,10,0.0,15800,1580,-3.033999999999777
0,1581,10,0.0,15810,1581,-3.033999999999777
0,1582,10,0.0,15820,1582,-3.033999999999777
0,1583,10,-0.002,15830,1583,-3.0359999999997767
0,1584,10,0.0,15840,1584,-3.0359999999997767
0,1585,10,0.0,15850,1585,-3.0359999999997767
0,1586,10,-0.006,15860,1586,-3.041999999999776
0,1587,10,0.0,15870,1587,-3.041999999999776
0,1588,10,0.0,15880,1588,-3.041999999999776
0,1589,10,0.0,15890,1589,-3.041999999999776
0,1590,10,0.0,15900,1590,-3.041999999999776
0,1591,10,0.0,15910,1591,-3.041999999999776
0,1592,10,0.0,15920,1592,-3.041999999999776
0,1593,10,0.0,15930,1593,-3.041999999999776
0,1594,10,0.0,15940,1594,-3.041999999999776
0,1595,10,-0.006,15950,1595,-3.0479999999997753
0,1596,10,0.0,15960,1596,-3.0479999999997753
0,1597,10,0.0,15970,1597,-3.0479999999997753
0,1598,10,0.0,15980,1598,-3.0479999999997753
0,1599,10,0.0,15990,1599,-3.0479999999997753
0,1600,10,0.0,16000,1600,-3.0479999999997753
0,1601,10,0.0,16010,1601,-3.0479999999997753
0,1602,10,0.0,16020,1602,-3.0479999999997753
0,1603,10,0.0,16030,1603,-3.0479999999997753
0,1604,10,0.0,16040,1604,-3.0479999999997753
0,1605,10,0.0,16050,1605,-3.0479999999997753
0,1606,10,-0.006,16060,1606,-3.0539999999997747
0,1607,10,0.0,16070,1607,-3.0539999999997747
0,1608,10,0.0,16080,1608,-3.0539999999997747
0,1609,10,0.0,16090,1609,-3.0539999999997747
0,1610,10,0.0,16100,1610,-3.0539999999997747
0,1611,10,0.0,16110,1611,-3.0539999999997747
0,1612,10,-0.006,16120,1612,-3.059999999999774
0,1613,10,0.0,16130,1613,-3.059999999999774
0,1614,10,0.0,16140,1614,-3.059999999999774
0,1615,10,0.0,16150,1615,-3.059999999999774
0,1616,10,0.0,16160,1616,-3.059999999999774
0,1617,10,0.0,16170,1617,-3.059999999999774
0,1618,10,0.0,16180,1618,-3.059999999999774
0,1619,10,0.0,16190,1619,-3.059999999999774
0,1620,10,-0.001,16200,1620,-3.060999999999774
0,1621,10,0.0,16210,1621,-3.060999999999774
0,1622,10,0.0,16220,1622,-3.060999999999774
0,1623,10,0.0,16230,1623,-3.060999999999774
0,1624,10,0.0,16240,1624,-3.060999999999774
0,1625,10,0.0,16250,1625,-3.060999999999774
0,1626,10,0.0,16260,1626,-3.060999999999774
0,1627,10,0.0,16270,1627,-3.060999999999774
0,1628,10,0.0,16280,1628,-3.060999999999774
0,1629,10,0.0,16290,1629,-3.060999999999774
0,1630,10,0.0,16300,1630,-3.060999999999774
0,1631,10,0.0,16310,1631,-3.060999999999774
0,1632,10,-0.001,16320,1632,-3.061999999999774
0,1633,10,0.0,16330,1633,-3.061999999999774
0,1634,10,0.0,16340,1634,-3.061999999999774
0,1635,10,0.0,16350,1635,-3.061999999999774
0,1636,10,0.0,16360,1636,-3.061999999999774
0,1637,10,0.0,16370,1637,-3.061999999999774
0,1638,10,0.0,16380,1638,-3.061999999999774
0,1639,10,0.0,16390,1639,-3.061999999999774
0,1640,10,0.0,16400,1640,-3.061999999999774
0,1641,10,0.0,16410,1641,-3.061999999999774
0,1642,10,0.0,16420,1642,-3.061999999999774
0,1643,10,0.0,16430,1643,-3.061999999999774
0,1644,10,0.0,16440,1644,-3.061999999999774
0,1645,10,0.0,16450,1645,-3.061999999999774
0,1646,10,-0.006,16460,1646,-3.067999999999773
0,1647,10,0.0,16470,1647,-3.067999999999773
0,1648,10,0.0,16480,1648,-3.067999999999773
0,1649,10,0.0,16490,1649,-3.067999999999773
0,1650,10,0.0,16500,1650,-3.067999999999773
0,1651,10,0.0,16510,1651,-3.067999999999773
0,1652,10,-0.006,16520,1652,-3.0739999999997725
0,1653,10,0.0,16530,1653,-3.0739999999997725
0,1654,10,0.0,16540,1654,-3.0739999999997725
0,1655,10,0.0,16550,1655,-3.0739999999997725
0,1656,10,0.0,16560,1656,-3.0739999999997725
0,1657,10,-0.006,16570,1657,-3.079999999999772
0,1658,10,0.0,16580,1658,-3.079999999999772
0,1659,10,0.0,16590,1659,-3.079999999999772
0,1660,10,0.0,16600,1660,-3.079999999999772
0,1661,10,0.0,16610,1661,-3.079999999999772
0,1662,10,0.0,16620,1662,-3.079999999999772
0,1663,10,0.0,16630,1663,-3.079999999999772
0,1664,10,0.0,16640,1664,-3.079999999999772
0,1665,10,-0.006,16650,1665,-3.085999999999771
0,1666,10,0.0,16660,1666,-3.085999999999771
0,1667,10,-0.006,16670,1667,-3.0919999999997705
0,1668,10,0.0,16680,1668,-3.0919999999997705
0,1669,10,0.0,16690,1669,-3.0919999999997705
0,1670,10,0.0,16700,1670,-3.0919999999997705
0,1671,10,0.0,16710,1671,-3.0919999999997705
0,1672,10,0.0,16720,1672,-3.0919999999997705
0,1673,10,0.0,16730,1673,-3.0919999999997705
0,1674,10,0.0,16740,1674,-3.0919999999997705
0,1675,10,0.0,16750,1675,-3.0919999999997705
0,1676,10,0.0,16760,1676,-3.0919999999997705
0,1677,10,0.0,16770,1677,-3.0919999999997705
0,1678,10,0.0,16780,1678,-3.0919999999997705
0,1679,10,-0.006,16790,1679,-3.09799999999977
0,1680,10,0.0,16800,1680,-3.09799999999977
0,1681,10,0.0,16810,1681,-3.09799999999977
0,1682,10,0.0,16820,1682,-3.09799999999977
0,1683,10,0.0,16830,1683,-3.09799999999977
0,1684,10,0.0,16840,1684,-3.09799999999977
0,1685,10,0.0,16850,1685,-3.09799999999977
0,1686,10,0.0,16860,1686,-3.09799999999977
0,1687,10,-0.006,16870,1687,-3.103999999999769
0,1688,10,-0.006,16880,1688,-3.1099999999997685
0,1689,10,0.0,16890,1689,-3.1099999999997685
0,1690,10,0.0,16900,1690,-3.1099999999997685
0,1691,10,0.0,16910,1691,-3.1099999999997685
0,1692,10,0.0,16920,1692,-3.1099999999997685
0,1693,10,0.0,16930,1693,-3.1099999999997685
0,1694,10,-0.006,16940,1694,-3.115999999999768
0,1695,10,0.0,16950,1695,-3.115999999999768
0,1696,10,0.0,16960,1696,-3.115999999999768
0,1697,10,0.0,16970,1697,-3.115999999999768
0,1698,10,0.0,16980,1698,-3.115999999999768
0,1699,10,0.0,16990,1699,-3.115999999999768
0,1700,10,0.0,17000,1700,-3.115999999999768
0,1701,10,0.0,17010,1701,-3.115999999999768
0,1702,10,0.0,17020,1702,-3.115999999999768
0,1703,10,0.0,17030,1703,-3.115999999999768
0,1704,10,0.0,17040,1704,-3.115999999999768
0,1705,10,0.0,17050,1705,-3.115999999999768
0,1706,10,0.0,17060,1706,-3.115999999999768
0,1707,10,0.0,17070,1707,-3.115999999999768
0,1708,10,0.0,17080,1708,-3.115999999999768
0,1709,10,0.0,17090,1709,-3.115999999999768
0,1710,10,0.0,17100,1710,-3.115999999999768
0,1711,10,-0.006,17110,1711,-3.121999999999767
0,1712,10,0.0,17120,1712,-3.121999999999767
0,1713,10,0.0,17130,1713,-3.121999999999767
0,1714,10,-0.008,17140,1714,-3.1299999999997663
0,1715,10,0.0,17150,1715,-3.1299999999997663
0,1716,10,-0.006,17160,1716,-3.1359999999997656
0,1717,10,0.0,17170,1717,-3.1359999999997656
0,1718,10,0.0,17180,1718,-3.1359999999997656
0,1719,10,-0.006,17190,1719,-3.141999999999765
0,1720,10,0.0,17200,1720,-3.141999999999765
0,1721,10,0.0,17210,1721,-3.141999999999765
0,1722,10,0.0,17220,1722,-3.141999999999765
0,1723,10,0.0,17230,1723,-3.141999999999765
0,1724,10,0.0,17240,1724,-3.141999999999765
0,1725,10,0.0,17250,1725,-3.141999999999765
0,1726,10,0.0,17260,1726,-3.141999999999765
0,1727,10,0.0,17270,1727,-3.141999999999765
0,1728,10,-0.006,17280,1728,-3.1479999999997643
0,1729,10,0.0,17290,1729,-3.1479999999997643
0,1730,10,0.0,17300,1730,-3.1479999999997643
0,1731,10,-0.003,17310,1731,-3.150999999999764
0,1732,10,0.0,17320,1732,-3.150999999999764
0,1733,10,0.0,17330,1733,-3.150999999999764
0,1734,10,0.0,17340,1734,-3.150999999999764
0,1735,10,0.0,17350,1735,-3.150999999999764
0,1736,10,0.0,17360,1736,-3.150999999999764
0,1737,10,-0.006,17370,1737,-3.1569999999997633
0,1738,10,-0.006,17380,1738,-3.1629999999997627
0,1739,10,0.0,17390,1739,-3.1629999999997627
0,1740,10,0.0,17400,1740,-3.1629999999997627
0,1741,10,0.0,17410,1741,-3.1629999999997627
0,1742,10,0.0,17420,1742,-3.1629999999997627
0,1743,10,0.0,17430,1743,-3.1629999999997627
0,1744,10,0.0,17440,1744,-3.1629999999997627
0,1745,10,0.0,17450,1745,-3.1629999999997627
0,1746,10,0.0,17460,1746,-3.1629999999997627
0,1747,10,0.0,17470,1747,-3.1629999999997627
0,1748,10,0.0,17480,1748,-3.1629999999997627
0,1749,10,-0.001,17490,1749,-3.1639999999997626
0,1750,10,0.0,17500,1750,-3.1639999999997626
0,1751,10,-0.006,17510,1751,-3.169999999999762
0,1752,10,0.0,17520,1752,-3.169999999999762
0,1753,10,0.0,17530,1753,-3.169999999999762
0,1754,10,0.0,17540,1754,-3.169999999999762
0,1755,10,0.0,17550,1755,-3.169999999999762
0,1756,10,0.0,17560,1756,-3.169999999999762
0,1757,10,-0.006,17570,1757,-3.1759999999997612
0,1758,10,0.0,17580,1758,-3.1759999999997612
0,1759,10,0.0,17590,1759,-3.1759999999997612
0,1760,10,0.0,17600,1760,-3.1759999999997612
0,1761,10,0.0,17610,1761,-3.1759999999997612
0,1762,10,0.0,17620,1762,-3.1759999999997612
0,1763,10,0.0,17630,1763,-3.1759999999997612
0,1764,10,0.0,17640,1764,-3.1759999999997612
0,1765,10,0.0,17650,1765,-3.1759999999997612
0,1766,10,0.0,17660,1766,-3.1759999999997612
0,1767,10,-0.006,17670,1767,-3.1819999999997606
0,1768,10,0.0,17680,1768,-3.1819999999997606
0,1769,10,0.0,17690,1769,-3.1819999999997606
0,1770,10,0.0,17700,1770,-3.1819999999997606
0,1771,10,0.0,17710,1771,-3.1819999999997606
0,1772,10,-0.008,17720,1772,-3.1899999999997597
0,1773,10,0.0,17730,1773,-3.1899999999997597
0,1774,10,0.0,17740,1774,-3.1899999999997597
0,1775,10,0.0,17750,1775,-3.1899999999997597
0,1776,10,0.0,17760,1776,-3.1899999999997597
0,1777,10,0.0,17770,1777,-3.1899999999997597
0,1778,10,-0.001,17780,1778,-3.1909999999997596
0,1779,10,0.0,17790,1779,-3.1909999999997596
0,1780,10,0.0,17800,1780,-3.1909999999997596
0,1781,10,0.0,17810,1781,-3.1909999999997596
0,1782,10,0.0,17820,1782,-3.1909999999997596
0,1783,10,0.0,17830,1783,-3.1909999999997596
0,1784,10,0.0,17840,1784,-3.1909999999997596
0,1785,10,0.0,17850,1785,-3.1909999999997596
0,1786,10,0.0,17860,1786,-3.1909999999997596
0,1787,10,0.0,17870,1787,-3.1909999999997596
0,1788,10,-0.001,17880,1788,-3.1919999999997595
0,1789,10,0.0,17890,1789,-3.1919999999997595
0,1790,10,0.0,17900,1790,-3.1919999999997595
0,1791,10,0.0,17910,1791,-3.1919999999997595
0,1792,10,0.0,17920,1792,-3.1919999999997595
0,1793,10,0.0,17930,1793,-3.1919999999997595
0,1794,10,-0.006,17940,1794,-3.197999999999759
0,1795,10,-0.006,17950,1795,-3.203999999999758
0,1796,10,0.0,17960,1796,-3.203999999999758
0,1797,10,0.0,17970,1797,-3.203999999999758
0,1798,10,0.0,17980,1798,-3.203999999999758
0,1799,10,0.0,17990,1799,-3.203999999999758
0,1800,10,0.0,18000,1800,-3.203999999999758
0,1801,10,0.0,18010,1801,-3.203999999999758
0,1802,10,0.0,18020,1802,-3.203999999999758
0,1803,10,0.0,18030,1803,-3.203999999999758
0,1804,10,0.0,18040,1804,-3.203999999999758
0,1805,10,0.0,18050,1805,-3.203999999999758
0,1806,10,0.0,18060,1806,-3.203999999999758
0,1807,10,0.0,18070,1807,-3.203999999999758
0,1808,10,0.0,18080,1808,-3.203999999999758
0,1809,10,0.0,18090,1809,-3.203999999999758
0,1810,10,0.0,18100,1810,-3.203999999999758
0,1811,10,0.0,18110,1811,-3.203999999999758
0,1812,10,0.0,18120,1812,-3.203999999999758
0,1813,10,0.0,18130,1813,-3.203999999999758
0,1814,10,0.0,18140,1814,-3.203999999999758
0,1815,10,0.0,18150,1815,-3.203999999999758
0,1816,10,0.0,18160,1816,-3.203999999999758
0,1817,10,0.0,18170,1817,-3.203999999999758
0,1818,10,0.0,18180,1818,-3.203999999999758
0,1819,10,0.0,18190,1819,-3.203999999999758
0,1820,10,0.0,18200,1820,-3.203999999999758
0,1821,10,0.0,18210,1821,-3.203999999999758
0,1822,10,0.0,18220,1822,-3.203999999999758
0,1823,10,0.0,18230,1823,-3.203999999999758
0,1824,10,0.0,18240,1824,-3.203999999999758
0,1825,10,0.0,18250,1825,-3.203999999999758
0,1826,10,0.0,18260,1826,-3.203999999999758
0,1827,10,0.0,18270,1827,-3.203999999999758
0,1828,10,-0.006,18280,1828,-3.2099999999997575
0,1829,10,0.0,18290,1829,-3.2099999999997575
0,1830,10,0.0,18300,1830,-3.2099999999997575
0,1831,10,-0.005,18310,1831,-3.214999999999757
0,1832,10,-0.006,18320,1832,-3.2209999999997563
0,1833,10,0.0,18330,1833,-3.2209999999997563
0,1834,10,-0.006,18340,1834,-3.2269999999997556
0,1835,10,0.0,18350,1835,-3.2269999999997556
0,1836,10,0.0,18360,1836,-3.2269999999997556
0,1837,10,0.0,18370,1837,-3.2269999999997556
0,1838,10,-0.006,18380,1838,-3.232999999999755
0,1839,10,0.0,18390,1839,-3.232999999999755
0,1840,10,0.0,18400,1840,-3.232999999999755
0,1841,10,0.0,18410,1841,-3.232999999999755
0,1842,10,0.0,18420,1842,-3.232999999999755
0,1843,10,0.0,18430,1843,-3.232999999999755
0,1844,10,0.0,18440,1844,-3.232999999999755
0,1845,10,0.0,18450,1845,-3.232999999999755
0,1846,10,-0.001,18460,1846,-3.233999999999755
0,1847,10,0.0,18470,1847,-3.233999999999755
0,1848,10,-0.006,18480,1848,-3.239999999999754
0,1849,10,0.0,18490,1849,-3.239999999999754
0,1850,10,0.0,18500,1850,-3.239999999999754
0,1851,10,0.0,18510,1851,-3.239999999999754
0,1852,10,0.0,18520,1852,-3.239999999999754
0,1853,10,0.0,18530,1853,-3.239999999999754
0,1854,10,0.0,18540,1854,-3.239999999999754
0,1855,10,0.0,18550,1855,-3.239999999999754
0,1856,10,0.0,18560,1856,-3.239999999999754
0,1857,10,0.0,18570,1857,-3.239999999999754
0,1858,10,0.0,18580,1858,-3.239999999999754
0,1859,10,-0.003,18590,1859,-3.242999999999754
0,1860,10,0.0,18600,1860,-3.242999999999754
0,1861,10,0.0,18610,1861,-3.242999999999754
0,1862,10,0.0,18620,1862,-3.242999999999754
0,1863,10,-0.006,18630,1863,-3.248999999999753
0,1864,10,0.0,18640,1864,-3.248999999999753
0,1865,10,0.0,18650,1865,-3.248999999999753
0,1866,10,0.0,18660,1866,-3.248999999999753
0,1867,10,0.0,18670,1867,-3.248999999999753
0,1868,10,0.0,18680,1868,-3.248999999999753
0,1869,10,0.0,18690,1869,-3.248999999999753
0,1870,10,0.0,18700,1870,-3.248999999999753
0,1871,10,-0.005,18710,1871,-3.2539999999997526
0,1872,10,-0.006,18720,1872,-3.259999999999752
0,1873,10,-0.006,18730,1873,-3.2659999999997513
0,1874,10,0.0,18740,1874,-3.2659999999997513
0,1875,10,0.0,18750,1875,-3.2659999999997513
0,1876,10,0.0,18760,1876,-3.2659999999997513
0,1877,10,-0.003,18770,1877,-3.268999999999751
0,1878,10,0.0,18780,1878,-3.268999999999751
0,1879,10,0.0,18790,1879,-3.268999999999751
0,1880,10,0.0,18800,1880,-3.268999999999751
0,1881,10,0.0,18810,1881,-3.268999999999751
0,1882,10,0.0,18820,1882,-3.268999999999751
0,1883,10,0.0,18830,1883,-3.268999999999751
0,1884,10,0.0,18840,1884,-3.268999999999751
0,1885,10,-0.002,18850,1885,-3.2709999999997508
0,1886,10,0.0,18860,1886,-3.2709999999997508
0,1887,10,0.0,18870,1887,-3.2709999999997508
