best_episode,episode,episode_len,episode_return,raw_return,steps,total_return,total_upright
0.0,1,170,-9.399999999999983,-9.399999999999983,170,-9.399999999999983,0.0
0.0,2,354,-20.50000000000002,-29.900000000000155,524,-29.900000000000155,0.0
0.0,3,567,-34.30000000000022,-64.20000000000063,1091,-64.20000000000063,0.0
0.0,4,578,-41.800000000000324,-105.99999999999825,1669,-105.99999999999825,0.0
0.0,5,281,-18.19999999999999,-124.19999999999722,1950,-124.19999999999722,0.0
0.0,6,483,-25.900000000000098,-150.09999999999576,2433,-150.09999999999576,0.0
0.0,7,147,-8.999999999999984,-159.09999999999525,2580,-159.09999999999525,0.0
0.0,8,173,-13.599999999999968,-172.69999999999447,2753,-172.69999999999447,0.0
0.0,9,163,-10.399999999999979,-183.09999999999388,2916,-183.09999999999388,0.0
0.0,10,384,-25.200000000000088,-208.29999999999245,3300,-208.29999999999245,0.0
0.0,11,284,-16.19999999999996,-224.49999999999153,3584,-224.49999999999153,0.0
0.0,12,229,-16.29999999999996,-240.7999999999906,3813,-240.7999999999906,0.0
0.0,13,196,-8.799999999999985,-249.5999999999901,4009,-249.5999999999901,0.0
0.0,14,895,-31.10000000000047,-280.7000000000001,4904,-280.7000000000001,21.0
0.0,15,530,-32.700000000000195,-313.40000000000754,5434,-313.40000000000754,21.0
0.0,16,413,-26.1000000000001,-339.5000000000135,5847,-339.5000000000135,21.0
0.0,17,317,-24.300000000000075,-363.800000000019,6164,-363.800000000019,21.0
0.0,18,201,-13.09999999999997,-376.900000000022,6365,-376.900000000022,21.0
0.0,19,182,-10.699999999999978,-387.6000000000244,6547,-387.6000000000244,21.0
0.0,20,295,-17.799999999999983,-405.40000000002846,6842,-405.40000000002846,21.0
0.0,21,218,-12.399999999999972,-417.8000000000313,7060,-417.8000000000313,21.0
0.0,22,475,-20.900000000000027,-438.700000000036,7535,-438.700000000036,21.0
0.0,23,293,-19.80000000000001,-458.50000000004053,7828,-458.50000000004053,21.0
0.0,24,173,-10.399999999999979,-468.9000000000429,8001,-468.9000000000429,21.0
0.0,25,120,-9.89999999999998,-478.80000000004515,8121,-478.80000000004515,21.0
0.0,26,258,-14.899999999999963,-493.70000000004853,8379,-493.70000000004853,21.0
0.0,27,312,-20.40000000000002,-514.1000000000531,8691,-514.1000000000531,21.0
0.0,28,159,-8.799999999999985,-522.9000000000551,8850,-522.9000000000551,21.0
0.0,29,199,-12.599999999999971,-535.500000000058,9049,-535.500000000058,21.0
0.0,30,152,-9.199999999999983,-544.7000000000601,9201,-544.7000000000601,21.0
0.0,31,490,-30.400000000000162,-575.100000000067,9691,-575.100000000067,21.0
0.0,32,196,-14.199999999999966,-589.3000000000702,9887,-589.3000000000702,21.0
0.0,33,195,-13.199999999999969,-602.5000000000732,10082,-602.5000000000732,21.0
0.0,34,132,-8.099999999999987,-610.600000000075,10214,-610.600000000075,21.0
0.0,35,429,-32.700000000000195,-643.3000000000825,10643,-643.3000000000825,21.0
0.0,36,179,-8.299999999999986,-651.6000000000844,10822,-651.6000000000844,21.0
0.0,37,198,-13.299999999999969,-664.9000000000874,11020,-664.9000000000874,21.0
0.0,38,647,-46.20000000000039,-711.1000000000979,11667,-711.1000000000979,21.0
0.0,39,163,-9.699999999999982,-720.8000000001001,11830,-720.8000000001001,21.0
0.0,40,205,-14.399999999999965,-735.2000000001034,12035,-735.2000000001034,21.0
0.0,41,130,-7.099999999999991,-742.300000000105,12165,-742.300000000105,21.0
0.0,42,197,-17.299999999999976,-759.6000000001089,12362,-759.6000000001089,21.0
0.0,43,241,-15.59999999999996,-775.2000000001125,12603,-775.2000000001125,21.0
0.0,44,286,-15.99999999999996,-791.2000000001161,12889,-791.2000000001161,21.0
0.0,45,197,-13.199999999999969,-804.4000000001191,13086,-804.4000000001191,21.0
0.0,46,229,-17.099999999999973,-821.500000000123,13315,-821.500000000123,21.0
0.0,47,216,-14.899999999999963,-836.4000000001264,13531,-836.4000000001264,21.0
0.0,48,400,-25.600000000000094,-862.0000000001322,13931,-862.0000000001322,21.0
0.0,49,281,-16.599999999999966,-878.600000000136,14212,-878.600000000136,21.0
0.0,50,380,-25.000000000000085,-903.6000000001417,14592,-903.6000000001417,21.0
0.0,51,264,-16.09999999999996,-919.7000000001453,14856,-919.7000000001453,21.0
0.0,52,413,-30.600000000000165,-950.3000000001523,15269,-950.3000000001523,21.0
0.0,53,269,-18.9,-969.2000000001566,15538,-969.2000000001566,21.0
0.0,54,206,-11.199999999999976,-980.4000000001591,15744,-980.4000000001591,21.0
0.0,55,383,-28.600000000000136,-1009.0000000001656,16127,-1009.0000000001656,21.0
0.0,56,660,-29.400000000000148,-1038.4000000001558,16787,-1038.4000000001558,21.0
0.0,57,483,-30.500000000000163,-1068.900000000128,17270,-1068.900000000128,21.0
0.0,58,247,-15.79999999999996,-1084.7000000001137,17517,-1084.7000000001137,21.0
0.0,59,344,-19.500000000000007,-1104.200000000096,17861,-1104.200000000096,21.0
0.0,60,198,-13.499999999999968,-1117.7000000000837,18059,-1117.7000000000837,21.0
0.0,61,358,-27.300000000000118,-1145.000000000059,18417,-1145.000000000059,21.0
0.0,62,267,-17.099999999999973,-1162.1000000000433,18684,-1162.1000000000433,21.0
0.0,63,187,-13.299999999999969,-1175.4000000000312,18871,-1175.4000000000312,21.0
0.0,64,366,-29.100000000000144,-1204.5000000000048,19237,-1204.5000000000048,21.0
0.0,65,135,-7.29999999999999,-1211.7999999999981,19372,-1211.7999999999981,21.0
0.0,66,401,-24.800000000000082,-1236.5999999999756,19773,-1236.5999999999756,21.0
0.0,67,174,-9.699999999999982,-1246.2999999999668,19947,-1246.2999999999668,21.0
0.0,68,522,-37.600000000000264,-1283.8999999999326,20469,-1283.8999999999326,21.0
0.0,69,208,-12.69999999999997,-1296.599999999921,20677,-1296.599999999921,21.0
0.0,70,284,-21.600000000000037,-1318.1999999999014,20961,-1318.1999999999014,21.0
0.0,71,916,-44.10000000000038,-1362.2999999998503,21877,-1362.2999999998503,33.0
0.0,72,250,-17.999999999999986,-1380.299999999834,22127,-1380.299999999834,33.0
0.0,73,207,-9.89999999999998,-1390.199999999825,22334,-1390.199999999825,33.0
0.0,74,376,-24.300000000000075,-1414.4999999998029,22710,-1414.4999999998029,33.0
0.0,75,397,-20.600000000000023,-1435.0999999997841,23107,-1435.0999999997841,33.0
0.0,76,220,-13.199999999999969,-1448.2999999997721,23327,-1448.2999999997721,33.0
0.0,77,192,-8.599999999999985,-1456.8999999997643,23519,-1456.8999999997643,33.0
0.0,78,230,-17.49999999999998,-1474.3999999997484,23749,-1474.3999999997484,33.0
0.0,79,136,-7.899999999999988,-1482.2999999997412,23885,-1482.2999999997412,33.0
0.0,80,120,-6.999999999999991,-1489.2999999997348,24005,-1489.2999999997348,33.0
0.0,81,149,-7.599999999999989,-1496.899999999728,24154,-1496.899999999728,33.0
0.0,82,746,-47.0000000000004,-1543.8999999996852,24900,-1543.8999999996852,33.0
0.0,83,524,-32.60000000000019,-1576.4999999996555,25424,-1576.4999999996555,33.0
0.0,84,274,-20.000000000000014,-1596.4999999996373,25698,-1596.4999999996373,33.0
0.0,85,380,-26.200000000000102,-1622.6999999996135,26078,-1622.6999999996135,33.0
0.0,86,301,-21.10000000000003,-1643.7999999995943,26379,-1643.7999999995943,33.0
0.0,87,325,-21.400000000000034,-1665.1999999995749,26704,-1665.1999999995749,33.0
0.0,88,245,-16.499999999999964,-1681.6999999995599,26949,-1681.6999999995599,33.0
0.0,89,505,-16.599999999999945,-1698.299999999533,27454,-1698.299999999533,46.0
0.0,90,434,-22.60000000000005,-1720.8999999995124,27888,-1720.8999999995124,46.0
0.0,91,191,-12.89999999999997,-1733.7999999995006,28079,-1733.7999999995006,46.0
0.0,92,619,-42.30000000000033,-1776.0999999994622,28698,-1776.0999999994622,46.0
0.0,93,219,-11.299999999999976,-1787.399999999452,28917,-1787.399999999452,46.0
0.0,94,511,-31.70000000000018,-1819.099999999423,29428,-1819.099999999423,46.0
0.0,95,164,-10.799999999999978,-1829.8999999994132,29592,-1829.8999999994132,46.0
0.0,96,133,-6.299999999999994,-1836.1999999994075,29725,-1836.1999999994075,46.0
0.0,97,627,-29.400000000000148,-1865.5999999993808,30352,-1865.5999999993808,46.0
0.0,98,164,-11.199999999999976,-1876.7999999993706,30516,-1876.7999999993706,46.0
0.0,99,324,-14.699999999999964,-1891.4999999993572,30840,-1891.4999999993572,46.0
0.0,100,322,-22.300000000000047,-1913.799999999337,31162,-1913.799999999337,46.0
0.0,101,460,-24.300000000000075,-1938.0999999993148,31622,-1938.0999999993148,46.0
0.0,102,353,-4.1999999999999575,-1942.2999999992992,31975,-1942.2999999992992,59.0
0.0,103,225,-10.399999999999979,-1952.6999999992897,32200,-1952.6999999992897,59.0
0.0,104,501,-28.000000000000128,-1980.6999999992643,32701,-1980.6999999992643,59.0
0.0,105,225,-13.699999999999967,-1994.3999999992518,32926,-1994.3999999992518,59.0
0.0,106,254,-17.899999999999984,-2012.2999999992355,33180,-2012.2999999992355,59.0
0.0,107,140,-10.899999999999977,-2023.1999999992256,33320,-2023.1999999992256,59.0
0.0,108,142,-9.199999999999983,-2032.3999999992172,33462,-2032.3999999992172,59.0
0.0,109,423,-29.100000000000144,-2061.499999999191,33885,-2061.499999999191,59.0
0.0,110,297,-18.39999999999999,-2079.8999999991743,34182,-2079.8999999991743,59.0
0.0,111,772,-39.9000000000003,-2119.799999999138,34954,-2119.799999999138,59.0
0.0,112,469,-25.800000000000097,-2145.5999999991145,35423,-2145.5999999991145,59.0
0.0,113,596,-36.50000000000025,-2182.0999999990813,36019,-2182.0999999990813,59.0
0.0,114,97,-7.999999999999988,-2190.099999999074,36116,-2190.099999999074,59.0
0.0,115,457,-31.70000000000018,-2221.799999999045,36573,-2221.799999999045,59.0
0.0,116,153,-11.299999999999976,-2233.099999999035,36726,-2233.099999999035,59.0
0.0,117,154,-8.399999999999986,-2241.4999999990273,36880,-2241.4999999990273,59.0
0.0,118,225,-11.699999999999974,-2253.1999999990167,37105,-2253.1999999990167,59.0
0.0,119,312,-21.500000000000036,-2274.699999998997,37417,-2274.699999998997,59.0
0.0,120,815,-49.30000000000043,-2323.9999999989523,38232,-2323.9999999989523,59.0
0.0,121,261,-17.099999999999973,-2341.0999999989367,38493,-2341.0999999989367,59.0
0.0,122,548,-39.20000000000033,-2380.2999999988983,39041,-2380.2999999988983,62.0
0.0,123,242,-14.499999999999964,-2394.799999998885,39283,-2394.799999998885,62.0
0.0,124,158,-12.79999999999997,-2407.5999999988735,39441,-2407.5999999988735,62.0
0.0,125,269,-16.19999999999996,-2423.7999999988588,39710,-2423.7999999988588,62.0
0.0,126,465,-33.80000000000021,-2457.599999998828,40175,-2457.599999998828,62.0
0.0,127,308,-19.200000000000003,-2476.7999999988106,40483,-2476.7999999988106,62.0
0.0,128,592,-27.200000000000117,-2503.999999998786,41075,-2503.999999998786,62.0
0.0,129,1001,-58.60000000000056,-2562.5999999987325,42076,-2562.5999999987325,62.0
0.0,130,139,-7.499999999999989,-2570.0999999987257,42215,-2570.0999999987257,62.0
0.0,131,294,-19.200000000000003,-2589.2999999987082,42509,-2589.2999999987082,62.0
0.0,132,456,-25.500000000000092,-2614.799999998685,42965,-2614.799999998685,62.0
0.0,133,588,-33.3000000000002,-2648.0999999986548,43553,-2648.0999999986548,62.0
0.0,134,144,-8.499999999999986,-2656.599999998647,43697,-2656.599999998647,62.0
0.0,135,545,-35.70000000000024,-2692.2999999986146,44242,-2692.2999999986146,62.0
0.0,136,605,-37.40000000000032,-2729.699999998577,44847,-2729.699999998577,66.0
0.0,137,143,-11.399999999999975,-2741.0999999985665,44990,-2741.0999999985665,66.0
0.0,138,468,-28.300000000000132,-2769.399999998541,45458,-2769.399999998541,66.0
0.0,139,214,-16.19999999999996,-2785.599999998526,45672,-2785.599999998526,66.0
0.0,140,295,-16.99999999999997,-2802.5999999985106,45967,-2802.5999999985106,66.0
0.0,141,173,-8.299999999999986,-2810.899999998503,46140,-2810.899999998503,66.0
0.0,142,215,-13.299999999999969,-2824.199999998491,46355,-2824.199999998491,66.0
0.0,143,242,-20.100000000000016,-2844.2999999984727,46597,-2844.2999999984727,66.0
0.0,144,332,-17.299999999999976,-2861.599999998457,46929,-2861.599999998457,66.0
1.1000000000000276,145,367,-11.09999999999995,-2872.699999998434,47296,-2872.699999998434,80.0
6.399999999999981,146,629,-0.5000000000000135,-2873.1999999984046,47925,-2873.1999999984046,112.0
6.399999999999981,147,230,-11.899999999999974,-2885.0999999983937,48155,-2885.0999999983937,112.0
6.399999999999981,148,558,-32.30000000000019,-2917.3999999983644,48713,-2917.3999999983644,112.0
6.399999999999981,149,640,-32.800000000000196,-2950.1999999983345,49353,-2950.1999999983345,112.0
6.399999999999981,150,474,-34.50000000000022,-2984.699999998303,49827,-2984.699999998303,112.0
6.399999999999981,151,446,-27.000000000000114,-3011.6999999982786,50273,-3011.6999999982786,112.0
6.399999999999981,152,220,-15.199999999999962,-3026.899999998265,50493,-3026.899999998265,112.0
6.399999999999981,153,477,-28.10000000000013,-3054.999999998239,50970,-3054.999999998239,112.0
6.399999999999981,154,122,-8.399999999999986,-3063.3999999982316,51092,-3063.3999999982316,112.0
6.399999999999981,155,118,-6.8999999999999915,-3070.2999999982253,51210,-3070.2999999982253,112.0
6.399999999999981,156,163,-10.29999999999998,-3080.599999998216,51373,-3080.599999998216,112.0
6.399999999999981,157,197,-15.299999999999962,-3095.899999998202,51570,-3095.899999998202,112.0
6.399999999999981,158,435,-27.300000000000118,-3123.199999998177,52005,-3123.199999998177,112.0
6.399999999999981,159,183,-11.299999999999976,-3134.499999998167,52188,-3134.499999998167,112.0
6.399999999999981,160,235,-11.799999999999974,-3146.299999998156,52423,-3146.299999998156,112.0
6.399999999999981,161,229,-19.80000000000001,-3166.099999998138,52652,-3166.099999998138,112.0
6.399999999999981,162,133,-5.1999999999999975,-3171.2999999981334,52785,-3171.2999999981334,112.0
6.399999999999981,163,433,-26.300000000000104,-3197.5999999981095,53218,-3197.5999999981095,112.0
6.399999999999981,164,118,-6.8999999999999915,-3204.4999999981032,53336,-3204.4999999981032,112.0
6.399999999999981,165,176,-10.999999999999977,-3215.4999999980932,53512,-3215.4999999980932,112.0
6.399999999999981,166,241,-14.999999999999963,-3230.4999999980796,53753,-3230.4999999980796,112.0
11.900000000000038,167,477,6.400000000000057,-3224.099999998049,54230,-3224.099999998049,152.0
11.900000000000038,168,152,-9.399999999999983,-3233.4999999980405,54382,-3233.4999999980405,152.0
11.900000000000038,169,570,-25.800000000000058,-3259.299999997997,54952,-3259.299999997997,174.0
11.900000000000038,170,240,-14.799999999999963,-3274.0999999979836,55192,-3274.0999999979836,174.0
11.900000000000038,171,139,-11.099999999999977,-3285.1999999979735,55331,-3285.1999999979735,174.0
11.900000000000038,172,173,-10.19999999999998,-3295.399999997964,55504,-3295.399999997964,174.0
11.900000000000038,173,175,-11.299999999999976,-3306.699999997954,55679,-3306.699999997954,174.0
11.900000000000038,174,486,-33.400000000000205,-3340.0999999979235,56165,-3340.0999999979235,174.0
11.900000000000038,175,491,-24.300000000000075,-3364.3999999979014,56656,-3364.3999999979014,174.0
11.900000000000038,176,475,-17.600000000000037,-3381.9999999978754,57131,-3381.9999999978754,185.0
11.900000000000038,177,207,-12.99999999999997,-3394.9999999978636,57338,-3394.9999999978636,185.0
11.900000000000038,178,476,-28.20000000000013,-3423.199999997838,57814,-3423.199999997838,185.0
11.900000000000038,179,136,-8.599999999999985,-3431.79999999783,57950,-3431.79999999783,185.0
11.900000000000038,180,274,-17.399999999999977,-3449.1999999978143,58224,-3449.1999999978143,185.0
11.900000000000038,181,656,-39.40000000000029,-3488.5999999977785,58880,-3488.5999999977785,185.0
11.900000000000038,182,514,-27.900000000000126,-3516.499999997753,59394,-3516.499999997753,185.0
11.900000000000038,183,143,-10.699999999999978,-3527.1999999977434,59537,-3527.1999999977434,185.0
11.900000000000038,184,511,-25.30000000000009,-3552.4999999977204,60048,-3552.4999999977204,185.0
11.900000000000038,185,417,-29.200000000000145,-3581.699999997694,60465,-3581.699999997694,185.0
11.900000000000038,186,229,-15.69999999999996,-3597.3999999976795,60694,-3597.3999999976795,185.0
11.900000000000038,187,417,-23.400000000000063,-3620.7999999976582,61111,-3620.7999999976582,185.0
11.900000000000038,188,210,-12.79999999999997,-3633.5999999976466,61321,-3633.5999999976466,185.0
11.900000000000038,189,427,-22.100000000000044,-3655.6999999976265,61748,-3655.6999999976265,185.0
11.900000000000038,190,364,-21.20000000000003,-3676.899999997607,62112,-3676.899999997607,185.0
11.900000000000038,191,152,-9.799999999999981,-3686.6999999975983,62264,-3686.6999999975983,185.0
11.900000000000038,192,259,-11.899999999999974,-3698.5999999975875,62523,-3698.5999999975875,185.0
11.900000000000038,193,172,-9.099999999999984,-3707.699999997579,62695,-3707.699999997579,185.0
11.900000000000038,194,329,-18.699999999999996,-3726.399999997562,63024,-3726.399999997562,185.0
11.900000000000038,195,127,-5.399999999999997,-3731.7999999975573,63151,-3731.7999999975573,185.0
11.900000000000038,196,190,-10.599999999999978,-3742.3999999975476,63341,-3742.3999999975476,185.0
11.900000000000038,197,149,-7.29999999999999,-3749.699999997541,63490,-3749.699999997541,185.0
11.900000000000038,198,263,-17.59999999999998,-3767.299999997525,63753,-3767.299999997525,185.0
11.900000000000038,199,164,-6.5999999999999925,-3773.899999997519,63917,-3773.899999997519,185.0
11.900000000000038,200,237,-15.69999999999996,-3789.5999999975047,64154,-3789.5999999975047,185.0
11.900000000000038,201,176,-13.199999999999969,-3802.7999999974927,64330,-3802.7999999974927,185.0
11.900000000000038,202,356,2.6000000000000236,-3800.1999999974732,64686,-3800.1999999974732,209.0
11.900000000000038,203,227,-7.19999999999999,-3807.3999999974667,64913,-3807.3999999974667,209.0
11.900000000000038,204,252,-13.399999999999968,-3820.7999999974545,65165,-3820.7999999974545,209.0
11.900000000000038,205,627,-34.60000000000022,-3855.399999997423,65792,-3855.399999997423,209.0
11.900000000000038,206,141,-9.699999999999982,-3865.099999997414,65933,-3865.099999997414,209.0
11.900000000000038,207,259,-13.799999999999967,-3878.8999999974017,66192,-3878.8999999974017,209.0
11.900000000000038,208,164,-8.199999999999987,-3887.099999997394,66356,-3887.099999997394,209.0
11.900000000000038,209,212,-9.399999999999983,-3896.4999999973857,66568,-3896.4999999973857,209.0
11.900000000000038,210,162,-6.199999999999994,-3902.69999999738,66730,-3902.69999999738,209.0
11.900000000000038,211,208,-9.699999999999982,-3912.399999997371,66938,-3912.399999997371,209.0
11.900000000000038,212,119,-6.999999999999991,-3919.399999997365,67057,-3919.399999997365,209.0
11.900000000000038,213,294,-11.799999999999974,-3931.199999997354,67351,-3931.199999997354,209.0
11.900000000000038,214,195,-11.599999999999975,-3942.7999999973435,67546,-3942.7999999973435,209.0
11.900000000000038,215,135,-5.899999999999995,-3948.699999997338,67681,-3948.699999997338,209.0
11.900000000000038,216,277,-9.999999999999952,-3958.699999997322,67958,-3958.699999997322,217.0
11.900000000000038,217,212,-16.09999999999996,-3974.799999997307,68170,-3974.799999997307,217.0
11.900000000000038,218,252,-17.59999999999998,-3992.399999997291,68422,-3992.399999997291,217.0
11.900000000000038,219,166,-7.799999999999988,-4000.199999997284,68588,-4000.199999997284,217.0
11.900000000000038,220,298,-5.299999999999966,-4005.4999999972683,68886,-4005.4999999972683,229.0
11.900000000000038,221,172,-11.999999999999973,-4017.4999999972574,69058,-4017.4999999972574,229.0
11.900000000000038,222,257,-15.59999999999996,-4033.0999999972432,69315,-4033.0999999972432,229.0
11.900000000000038,223,114,-5.999999999999995,-4039.099999997238,69429,-4039.099999997238,229.0
11.900000000000038,224,434,-21.10000000000003,-4060.1999999972186,69863,-4060.1999999972186,229.0
11.900000000000038,225,185,-13.199999999999969,-4073.3999999972066,70048,-4073.3999999972066,229.0
11.900000000000038,226,356,-23.400000000000063,-4096.799999997189,70404,-4096.799999997189,229.0
11.900000000000038,227,190,-9.099999999999984,-4105.899999997222,70594,-4105.899999997222,229.0
11.900000000000038,228,431,-26.0000000000001,-4131.899999997317,71025,-4131.899999997317,229.0
11.900000000000038,229,135,-8.099999999999987,-4139.999999997346,71160,-4139.999999997346,229.0
11.900000000000038,230,115,-4.5,-4144.4999999973625,71275,-4144.4999999973625,229.0
11.900000000000038,231,250,-12.099999999999973,-4156.5999999974065,71525,-4156.5999999974065,229.0
11.900000000000038,232,116,-8.699999999999985,-4165.299999997438,71641,-4165.299999997438,229.0
11.900000000000038,233,187,-7.499999999999989,-4172.799999997465,71828,-4172.799999997465,229.0
11.900000000000038,234,161,-11.099999999999977,-4183.899999997506,71989,-4183.899999997506,229.0
11.900000000000038,235,341,-18.699999999999996,-4202.599999997574,72330,-4202.599999997574,229.0
11.900000000000038,236,385,-24.00000000000007,-4226.599999997661,72715,-4226.599999997661,229.0
11.900000000000038,237,186,-7.39999999999999,-4233.999999997688,72901,-4233.999999997688,229.0
11.900000000000038,238,221,-14.599999999999964,-4248.599999997741,73122,-4248.599999997741,229.0
11.900000000000038,239,128,-7.799999999999988,-4256.39999999777,73250,-4256.39999999777,229.0
11.900000000000038,240,354,-23.600000000000065,-4279.999999997855,73604,-4279.999999997855,229.0
11.900000000000038,241,429,-18.9,-4298.899999997924,74033,-4298.899999997924,229.0
11.900000000000038,242,386,-16.29999999999996,-4315.1999999979835,74419,-4315.1999999979835,229.0
11.900000000000038,243,169,-8.999999999999984,-4324.199999998016,74588,-4324.199999998016,229.0
11.900000000000038,244,472,-15.8,-4339.99999999811,75060,-4339.99999999811,239.0
11.900000000000038,245,375,-17.099999999999973,-4357.099999998172,75435,-4357.099999998172,239.0
11.900000000000038,246,389,-23.20000000000006,-4380.299999998257,75824,-4380.299999998257,239.0
11.900000000000038,247,213,-2.499999999999989,-4382.799999998313,76037,-4382.799999998313,252.0
11.900000000000038,248,295,-13.799999999999967,-4396.599999998363,76332,-4396.599999998363,252.0
11.900000000000038,249,183,-12.69999999999997,-4409.2999999984095,76515,-4409.2999999984095,252.0
11.900000000000038,250,199,-10.999999999999977,-4420.2999999984495,76714,-4420.2999999984495,252.0
11.900000000000038,251,494,-28.90000000000014,-4449.199999998555,77208,-4449.199999998555,252.0
14.500000000000018,252,311,11.00000000000003,-4438.1999999986165,77519,-4438.1999999986165,280.0
14.500000000000018,253,431,-24.60000000000008,-4462.799999998706,77950,-4462.799999998706,280.0
14.500000000000018,254,215,-13.899999999999967,-4476.6999999987565,78165,-4476.6999999987565,280.0
14.500000000000018,255,146,-8.699999999999985,-4485.399999998788,78311,-4485.399999998788,280.0
14.500000000000018,256,660,-34.30000000000022,-4519.699999998913,78971,-4519.699999998913,280.0
14.500000000000018,257,135,-9.599999999999982,-4529.299999998948,79106,-4529.299999998948,280.0
14.500000000000018,258,282,-18.9,-4548.199999999017,79388,-4548.199999999017,280.0
14.500000000000018,259,321,-15.89999999999996,-4564.0999999990745,79709,-4564.0999999990745,280.0
14.500000000000018,260,269,-16.399999999999963,-4580.499999999134,79978,-4580.499999999134,280.0
14.500000000000018,261,236,-18.499999999999993,-4598.9999999992015,80214,-4598.9999999992015,280.0
14.500000000000018,262,366,-10.299999999999942,-4609.29999999929,80580,-4609.29999999929,294.0
14.500000000000018,263,206,-16.499999999999964,-4625.79999999935,80786,-4625.79999999935,294.0
14.500000000000018,264,228,-15.69999999999996,-4641.499999999407,81014,-4641.499999999407,294.0
14.500000000000018,265,216,-16.99999999999997,-4658.499999999469,81230,-4658.499999999469,294.0
14.500000000000018,266,185,-10.599999999999978,-4669.099999999507,81415,-4669.099999999507,294.0
14.500000000000018,267,119,-5.999999999999995,-4675.099999999529,81534,-4675.099999999529,294.0
14.500000000000018,268,493,-20.30000000000002,-4695.399999999603,82027,-4695.399999999603,294.0
14.500000000000018,269,209,-13.399999999999968,-4708.799999999652,82236,-4708.799999999652,294.0
14.500000000000018,270,150,-11.399999999999975,-4720.199999999693,82386,-4720.199999999693,294.0
14.500000000000018,271,258,-12.89999999999997,-4733.09999999974,82644,-4733.09999999974,294.0
14.500000000000018,272,477,-26.500000000000107,-4759.599999999837,83121,-4759.599999999837,294.0
14.500000000000018,273,272,-14.899999999999963,-4774.499999999891,83393,-4774.499999999891,294.0
14.500000000000018,274,127,-5.899999999999995,-4780.399999999912,83520,-4780.399999999912,294.0
14.500000000000018,275,180,-12.499999999999972,-4792.899999999958,83700,-4792.899999999958,294.0
14.500000000000018,276,259,-13.599999999999968,-4806.500000000007,83959,-4806.500000000007,294.0
14.500000000000018,277,144,-11.299999999999976,-4817.800000000048,84103,-4817.800000000048,294.0
14.500000000000018,278,304,-15.59999999999996,-4833.400000000105,84407,-4833.400000000105,294.0
14.500000000000018,279,172,-5.899999999999995,-4839.300000000127,84579,-4839.300000000127,294.0
14.500000000000018,280,403,-18.19999999999999,-4857.500000000193,84982,-4857.500000000193,294.0
14.500000000000018,281,531,-31.900000000000183,-4889.400000000309,85513,-4889.400000000309,294.0
14.500000000000018,282,312,-20.200000000000017,-4909.600000000382,85825,-4909.600000000382,294.0
14.500000000000018,283,283,-17.999999999999986,-4927.600000000448,86108,-4927.600000000448,294.0
14.500000000000018,284,145,-10.399999999999979,-4938.000000000486,86253,-4938.000000000486,294.0
14.500000000000018,285,222,-9.99999999999998,-4948.000000000522,86475,-4948.000000000522,294.0
14.500000000000018,286,602,-28.700000000000138,-4976.7000000006265,87077,-4976.7000000006265,294.0
14.500000000000018,287,133,-6.199999999999994,-4982.900000000649,87210,-4982.900000000649,294.0
14.500000000000018,288,164,-9.299999999999983,-4992.200000000683,87374,-4992.200000000683,294.0
14.500000000000018,289,316,1.2000000000000206,-4991.000000000733,87690,-4991.000000000733,309.0
14.500000000000018,290,258,-16.99999999999997,-5008.000000000795,87948,-5008.000000000795,309.0
14.500000000000018,291,144,-8.299999999999986,-5016.300000000825,88092,-5016.300000000825,309.0
14.500000000000018,292,319,-25.000000000000085,-5041.300000000916,88411,-5041.300000000916,309.0
14.500000000000018,293,341,-14.199999999999966,-5055.500000000968,88752,-5055.500000000968,309.0
14.500000000000018,294,123,-7.799999999999988,-5063.300000000996,88875,-5063.300000000996,309.0
14.500000000000018,295,161,-8.699999999999985,-5072.000000001028,89036,-5072.000000001028,309.0
14.500000000000018,296,361,-9.599999999999946,-5081.600000001114,89397,-5081.600000001114,323.0
14.500000000000018,297,121,-7.899999999999988,-5089.500000001142,89518,-5089.500000001142,323.0
14.500000000000018,298,371,-8.099999999999966,-5097.600000001194,89889,-5097.600000001194,329.0
14.500000000000018,299,107,-4.799999999999999,-5102.400000001211,89996,-5102.400000001211,329.0
14.500000000000018,300,183,-6.099999999999994,-5108.500000001233,90179,-5108.500000001233,329.0
14.500000000000018,301,108,-8.499999999999986,-5117.000000001264,90287,-5117.000000001264,329.0
14.500000000000018,302,373,-19.60000000000001,-5136.6000000013355,90660,-5136.6000000013355,329.0
14.500000000000018,303,152,-10.09999999999998,-5146.700000001372,90812,-5146.700000001372,329.0
14.500000000000018,304,135,-9.799999999999981,-5156.500000001408,90947,-5156.500000001408,329.0
14.500000000000018,305,216,-14.499999999999964,-5171.000000001461,91163,-5171.000000001461,329.0
14.500000000000018,306,261,6.3000000000000504,-5164.700000001532,91424,-5164.700000001532,355.0
14.500000000000018,307,124,-8.399999999999986,-5173.100000001563,91548,-5173.100000001563,355.0
14.500000000000018,308,102,-7.999999999999988,-5181.100000001592,91650,-5181.100000001592,355.0
14.500000000000018,309,174,-7.999999999999988,-5189.100000001621,91824,-5189.100000001621,355.0
14.500000000000018,310,113,-9.499999999999982,-5198.600000001656,91937,-5198.600000001656,355.0
14.500000000000018,311,290,-11.299999999999976,-5209.900000001697,92227,-5209.900000001697,355.0
14.500000000000018,312,277,-11.199999999999976,-5221.1000000017375,92504,-5221.1000000017375,355.0
14.500000000000018,313,275,-9.89999999999998,-5231.0000000017735,92779,-5231.0000000017735,355.0
14.500000000000018,314,155,-9.299999999999983,-5240.300000001807,92934,-5240.300000001807,355.0
14.500000000000018,315,189,-11.499999999999975,-5251.800000001849,93123,-5251.800000001849,355.0
14.500000000000018,316,186,-7.19999999999999,-5259.000000001875,93309,-5259.000000001875,355.0
14.500000000000018,317,127,-5.899999999999995,-5264.900000001897,93436,-5264.900000001897,355.0
14.500000000000018,318,195,-10.799999999999978,-5275.700000001936,93631,-5275.700000001936,355.0
14.500000000000018,319,118,-4.999999999999998,-5280.700000001954,93749,-5280.700000001954,355.0
14.500000000000018,320,127,-7.899999999999988,-5288.600000001983,93876,-5288.600000001983,355.0
14.500000000000018,321,170,-12.599999999999971,-5301.200000002029,94046,-5301.200000002029,355.0
14.500000000000018,322,118,-7.899999999999988,-5309.100000002058,94164,-5309.100000002058,355.0
14.500000000000018,323,159,-7.999999999999988,-5317.100000002087,94323,-5317.100000002087,355.0
14.500000000000018,324,239,-12.69999999999997,-5329.800000002133,94562,-5329.800000002133,355.0
14.500000000000018,325,208,-7.799999999999988,-5337.600000002161,94770,-5337.600000002161,355.0
14.500000000000018,326,262,-2.399999999999972,-5340.000000002217,95032,-5340.000000002217,368.0
14.500000000000018,327,422,-9.899999999999993,-5349.900000002301,95454,-5349.900000002301,381.0
14.500000000000018,328,206,-17.59999999999998,-5367.500000002365,95660,-5367.500000002365,381.0
14.500000000000018,329,147,-8.699999999999985,-5376.200000002396,95807,-5376.200000002396,381.0
14.500000000000018,330,256,-14.899999999999963,-5391.1000000024505,96063,-5391.1000000024505,381.0
14.500000000000018,331,161,-7.39999999999999,-5398.5000000024775,96224,-5398.5000000024775,381.0
14.500000000000018,332,132,-8.799999999999985,-5407.3000000025095,96356,-5407.3000000025095,381.0
14.500000000000018,333,111,-6.499999999999993,-5413.800000002533,96467,-5413.800000002533,381.0
14.500000000000018,334,266,-14.499999999999964,-5428.300000002586,96733,-5428.300000002586,381.0
14.500000000000018,335,198,-15.399999999999961,-5443.700000002642,96931,-5443.700000002642,381.0
14.500000000000018,336,209,-14.099999999999966,-5457.800000002693,97140,-5457.800000002693,381.0
14.500000000000018,337,340,9.59999999999995,-5448.200000002778,97480,-5448.200000002778,414.0
14.500000000000018,338,260,-13.799999999999967,-5462.0000000028285,97740,-5462.0000000028285,414.0
14.500000000000018,339,165,-8.999999999999984,-5471.000000002861,97905,-5471.000000002861,414.0
14.500000000000018,340,218,-13.399999999999968,-5484.40000000291,98123,-5484.40000000291,414.0
14.500000000000018,341,169,-3.600000000000002,-5488.000000002923,98292,-5488.000000002923,414.0
14.500000000000018,342,435,-20.700000000000024,-5508.700000002998,98727,-5508.700000002998,414.0
14.500000000000018,343,100,-7.799999999999988,-5516.500000003027,98827,-5516.500000003027,414.0
14.500000000000018,344,372,-23.20000000000006,-5539.700000003111,99199,-5539.700000003111,414.0
14.500000000000018,345,154,-3.3000000000000016,-5543.000000003123,99353,-5543.000000003123,414.0
14.500000000000018,346,264,-11.599999999999975,-5554.600000003165,99617,-5554.600000003165,414.0
14.500000000000018,347,145,-9.499999999999982,-5564.1000000032,99762,-5564.1000000032,414.0
14.500000000000018,348,135,-6.099999999999994,-5570.200000003222,99897,-5570.200000003222,414.0
14.500000000000018,349,157,-7.699999999999989,-5577.90000000325,100054,-5577.90000000325,414.0
14.500000000000018,350,174,-10.999999999999977,-5588.90000000329,100228,-5588.90000000329,414.0
14.500000000000018,351,140,-4.999999999999998,-5593.900000003308,100368,-5593.900000003308,414.0
14.500000000000018,352,92,-6.999999999999991,-5600.900000003334,100460,-5600.900000003334,414.0
14.500000000000018,353,179,-10.799999999999978,-5611.700000003373,100639,-5611.700000003373,414.0
14.500000000000018,354,254,-0.8999999999999754,-5612.600000003424,100893,-5612.600000003424,427.0
14.500000000000018,355,135,-9.099999999999984,-5621.700000003457,101028,-5621.700000003457,427.0
14.500000000000018,356,176,-10.999999999999977,-5632.700000003497,101204,-5632.700000003497,427.0
14.500000000000018,357,142,-8.599999999999985,-5641.300000003528,101346,-5641.300000003528,427.0
14.500000000000018,358,134,-6.499999999999993,-5647.800000003552,101480,-5647.800000003552,427.0
14.500000000000018,359,221,-9.99999999999998,-5657.800000003588,101701,-5657.800000003588,427.0
14.500000000000018,360,169,-6.5999999999999925,-5664.400000003612,101870,-5664.400000003612,427.0
14.500000000000018,361,121,-11.199999999999976,-5675.600000003653,101991,-5675.600000003653,427.0
14.500000000000018,362,194,-10.899999999999977,-5686.500000003693,102185,-5686.500000003693,427.0
14.500000000000018,363,318,-18.29999999999999,-5704.800000003759,102503,-5704.800000003759,427.0
14.500000000000018,364,122,-7.099999999999991,-5711.900000003785,102625,-5711.900000003785,427.0
14.500000000000018,365,330,-18.499999999999993,-5730.400000003852,102955,-5730.400000003852,427.0
14.500000000000018,366,126,-5.1999999999999975,-5735.600000003871,103081,-5735.600000003871,427.0
14.500000000000018,367,304,-6.7999999999999625,-5742.400000003943,103385,-5742.400000003943,440.0
14.500000000000018,368,164,-9.699999999999982,-5752.1000000039785,103549,-5752.1000000039785,440.0
14.500000000000018,369,397,-23.30000000000006,-5775.400000004063,103946,-5775.400000004063,440.0
14.500000000000018,370,213,-11.199999999999976,-5786.600000004104,104159,-5786.600000004104,440.0
14.500000000000018,371,164,-9.099999999999984,-5795.700000004137,104323,-5795.700000004137,440.0
14.500000000000018,372,108,-5.799999999999995,-5801.500000004158,104431,-5801.500000004158,440.0
14.500000000000018,373,125,-5.299999999999997,-5806.8000000041775,104556,-5806.8000000041775,440.0
14.500000000000018,374,186,-10.399999999999979,-5817.200000004215,104742,-5817.200000004215,440.0
14.500000000000018,375,300,-22.000000000000043,-5839.200000004295,105042,-5839.200000004295,440.0
14.500000000000018,376,148,-4.799999999999999,-5844.000000004313,105190,-5844.000000004313,440.0
14.500000000000018,377,172,-7.799999999999988,-5851.800000004341,105362,-5851.800000004341,440.0
14.500000000000018,378,224,-12.599999999999971,-5864.400000004387,105586,-5864.400000004387,440.0
14.500000000000018,379,314,-17.69999999999998,-5882.100000004451,105900,-5882.100000004451,440.0
14.500000000000018,380,145,-7.699999999999989,-5889.800000004479,106045,-5889.800000004479,440.0
14.500000000000018,381,174,-8.999999999999984,-5898.800000004512,106219,-5898.800000004512,440.0
14.500000000000018,382,253,-12.399999999999972,-5911.200000004557,106472,-5911.200000004557,440.0
14.500000000000018,383,277,-8.999999999999984,-5920.20000000459,106749,-5920.20000000459,440.0
14.500000000000018,384,169,-7.699999999999989,-5927.900000004618,106918,-5927.900000004618,440.0
14.500000000000018,385,607,-20.30000000000002,-5948.200000004692,107525,-5948.200000004692,440.0
14.500000000000018,386,214,-5.1999999999999975,-5953.400000004711,107739,-5953.400000004711,440.0
14.500000000000018,387,252,-11.999999999999973,-5965.4000000047545,107991,-5965.4000000047545,440.0
14.500000000000018,388,173,-9.199999999999983,-5974.600000004788,108164,-5974.600000004788,440.0
14.500000000000018,389,113,-8.499999999999986,-5983.100000004819,108277,-5983.100000004819,440.0
14.500000000000018,390,332,-12.299999999999972,-5995.400000004864,108609,-5995.400000004864,440.0
14.500000000000018,391,140,-7.699999999999989,-6003.100000004892,108749,-6003.100000004892,440.0
14.500000000000018,392,129,-5.799999999999995,-6008.900000004913,108878,-6008.900000004913,440.0
14.500000000000018,393,229,-9.89999999999998,-6018.800000004949,109107,-6018.800000004949,440.0
14.500000000000018,394,395,-9.099999999999984,-6027.900000004982,109502,-6027.900000004982,440.0
14.500000000000018,395,137,-11.199999999999976,-6039.100000005023,109639,-6039.100000005023,440.0
14.500000000000018,396,290,-16.89999999999997,-6056.000000005084,109929,-6056.000000005084,440.0
14.500000000000018,397,151,-7.799999999999988,-6063.800000005112,110080,-6063.800000005112,440.0
14.500000000000018,398,154,-6.299999999999994,-6070.100000005135,110234,-6070.100000005135,440.0
14.500000000000018,399,274,-2.1000000000000005,-6072.200000005143,110508,-6072.200000005143,440.0
14.500000000000018,400,260,-16.89999999999997,-6089.1000000052045,110768,-6089.1000000052045,440.0
14.500000000000018,401,179,-7.699999999999989,-6096.8000000052325,110947,-6096.8000000052325,440.0
14.500000000000018,402,403,0.20000000000002768,-6096.600000005283,111350,-6096.600000005283,454.0
14.500000000000018,403,199,-7.19999999999999,-6103.800000005309,111549,-6103.800000005309,454.0
14.500000000000018,404,194,-11.099999999999977,-6114.900000005349,111743,-6114.900000005349,454.0
14.500000000000018,405,212,-4.4,-6119.300000005365,111955,-6119.300000005365,454.0
14.500000000000018,406,296,-13.09999999999997,-6132.400000005413,112251,-6132.400000005413,454.0
14.500000000000018,407,161,-4.6,-6137.00000000543,112412,-6137.00000000543,454.0
14.500000000000018,408,502,-11.700000000000015,-6148.700000005523,112914,-6148.700000005523,468.0
14.500000000000018,409,103,-7.599999999999989,-6156.300000005551,113017,-6156.300000005551,468.0
14.500000000000018,410,235,3.20000000000001,-6153.100000005583,113252,-6153.100000005583,480.0
14.500000000000018,411,93,-5.099999999999998,-6158.200000005601,113345,-6158.200000005601,480.0
14.500000000000018,412,235,-8.399999999999986,-6166.600000005632,113580,-6166.600000005632,480.0
14.500000000000018,413,103,-6.299999999999994,-6172.900000005655,113683,-6172.900000005655,480.0
14.500000000000018,414,384,-14.799999999999963,-6187.700000005709,114067,-6187.700000005709,480.0
14.500000000000018,415,186,-5.999999999999995,-6193.7000000057305,114253,-6193.7000000057305,480.0
14.500000000000018,416,125,-8.399999999999986,-6202.100000005761,114378,-6202.100000005761,480.0
14.500000000000018,417,237,-8.699999999999985,-6210.800000005793,114615,-6210.800000005793,480.0
14.500000000000018,418,299,-7.499999999999989,-6218.30000000582,114914,-6218.30000000582,480.0
14.500000000000018,419,226,-15.79999999999996,-6234.1000000058775,115140,-6234.1000000058775,480.0
14.500000000000018,420,399,-6.699999999999969,-6240.80000000596,115539,-6240.80000000596,496.0
14.500000000000018,421,178,-9.89999999999998,-6250.700000005996,115717,-6250.700000005996,496.0
14.500000000000018,422,174,-9.699999999999982,-6260.400000006031,115891,-6260.400000006031,496.0
14.500000000000018,423,321,-14.299999999999965,-6274.700000006083,116212,-6274.700000006083,496.0
14.500000000000018,424,152,-9.89999999999998,-6284.600000006119,116364,-6284.600000006119,496.0
14.500000000000018,425,119,-8.899999999999984,-6293.500000006152,116483,-6293.500000006152,496.0
14.500000000000018,426,225,-10.699999999999978,-6304.200000006191,116708,-6304.200000006191,496.0
14.500000000000018,427,196,-3.2000000000000015,-6307.400000006202,116904,-6307.400000006202,496.0
14.500000000000018,428,132,-7.499999999999989,-6314.90000000623,117036,-6314.90000000623,496.0
14.500000000000018,429,208,-7.39999999999999,-6322.300000006257,117244,-6322.300000006257,496.0
14.500000000000018,430,565,-11.499999999999975,-6333.800000006298,117809,-6333.800000006298,496.0
14.500000000000018,431,101,-4.999999999999998,-6338.800000006317,117910,-6338.800000006317,496.0
14.500000000000018,432,179,-11.599999999999975,-6350.400000006359,118089,-6350.400000006359,496.0
14.500000000000018,433,196,-4.699999999999999,-6355.100000006376,118285,-6355.100000006376,496.0
14.500000000000018,434,119,-5.4999999999999964,-6360.600000006396,118404,-6360.600000006396,496.0
14.500000000000018,435,119,-7.19999999999999,-6367.800000006422,118523,-6367.800000006422,496.0
14.500000000000018,436,182,-8.999999999999984,-6376.800000006455,118705,-6376.800000006455,496.0
14.500000000000018,437,125,-6.299999999999994,-6383.100000006478,118830,-6383.100000006478,496.0
14.500000000000018,438,177,-6.199999999999977,-6389.300000006522,119007,-6389.300000006522,502.0
14.500000000000018,439,151,-8.899999999999984,-6398.200000006555,119158,-6398.200000006555,502.0
14.500000000000018,440,254,-3.2000000000000015,-6401.400000006566,119412,-6401.400000006566,502.0
14.500000000000018,441,109,-8.199999999999987,-6409.600000006596,119521,-6409.600000006596,502.0
14.500000000000018,442,228,-3.5000000000000018,-6413.100000006609,119749,-6413.100000006609,502.0
14.500000000000018,443,182,-8.399999999999986,-6421.500000006639,119931,-6421.500000006639,502.0
14.500000000000018,444,138,-5.099999999999998,-6426.600000006658,120069,-6426.600000006658,502.0
14.500000000000018,445,245,-1.6000000000000003,-6428.200000006664,120314,-6428.200000006664,502.0
14.500000000000018,446,108,-8.199999999999987,-6436.4000000066935,120422,-6436.4000000066935,502.0
14.500000000000018,447,143,-5.799999999999995,-6442.200000006715,120565,-6442.200000006715,502.0
14.500000000000018,448,136,-10.09999999999998,-6452.300000006751,120701,-6452.300000006751,502.0
14.500000000000018,449,190,-6.8999999999999915,-6459.2000000067765,120891,-6459.2000000067765,502.0
14.500000000000018,450,239,-2.600000000000001,-6461.800000006786,121130,-6461.800000006786,502.0
14.500000000000018,451,138,-5.1999999999999975,-6467.000000006805,121268,-6467.000000006805,502.0
14.500000000000018,452,217,-11.699999999999974,-6478.700000006847,121485,-6478.700000006847,502.0
14.500000000000018,453,392,-25.800000000000097,-6504.500000006941,121877,-6504.500000006941,502.0
14.500000000000018,454,146,-7.999999999999988,-6512.50000000697,122023,-6512.50000000697,502.0
14.500000000000018,455,148,-7.29999999999999,-6519.800000006997,122171,-6519.800000006997,502.0
14.500000000000018,456,297,-9.699999999999982,-6529.500000007032,122468,-6529.500000007032,502.0
14.500000000000018,457,125,-8.399999999999986,-6537.900000007063,122593,-6537.900000007063,502.0
14.500000000000018,458,192,-3.2000000000000015,-6541.100000007074,122785,-6541.100000007074,502.0
14.500000000000018,459,405,-4.899999999999999,-6546.000000007092,123190,-6546.000000007092,502.0
14.500000000000018,460,126,-8.299999999999986,-6554.300000007122,123316,-6554.300000007122,502.0
14.500000000000018,461,1001,-2.800000000000001,-6557.100000007133,124317,-6557.100000007133,502.0
14.500000000000018,462,270,-9.99999999999998,-6567.100000007169,124587,-6567.100000007169,502.0
14.500000000000018,463,1001,-0.9999999999999999,-6568.100000007173,125588,-6568.100000007173,502.0
14.500000000000018,464,102,-8.099999999999987,-6576.200000007202,125690,-6576.200000007202,502.0
14.500000000000018,465,264,-9.89999999999998,-6586.100000007238,125954,-6586.100000007238,502.0
14.500000000000018,466,299,-9.499999999999982,-6595.600000007273,126253,-6595.600000007273,502.0
14.500000000000018,467,124,-4.6,-6600.200000007289,126377,-6600.200000007289,502.0
14.500000000000018,468,201,-2.400000000000001,-6602.600000007298,126578,-6602.600000007298,502.0
14.500000000000018,469,166,-10.599999999999978,-6613.200000007337,126744,-6613.200000007337,502.0
14.500000000000018,470,217,-4.000000000000002,-6617.200000007351,126961,-6617.200000007351,502.0
14.500000000000018,471,229,-8.399999999999986,-6625.600000007382,127190,-6625.600000007382,502.0
14.500000000000018,472,148,-6.199999999999994,-6631.800000007404,127338,-6631.800000007404,502.0
14.500000000000018,473,154,-5.899999999999995,-6637.700000007426,127492,-6637.700000007426,502.0
14.500000000000018,474,247,-2.700000000000001,-6640.400000007436,127739,-6640.400000007436,502.0
14.500000000000018,475,178,-10.599999999999978,-6651.000000007474,127917,-6651.000000007474,502.0
14.500000000000018,476,1001,-0.7,-6651.700000007477,128918,-6651.700000007477,502.0
14.500000000000018,477,194,-6.499999999999993,-6658.2000000075,129112,-6658.2000000075,502.0
14.500000000000018,478,276,-3.5000000000000018,-6661.700000007513,129388,-6661.700000007513,502.0
14.500000000000018,479,441,-3.1000000000000014,-6664.800000007524,129829,-6664.800000007524,502.0
14.500000000000018,480,125,-4.899999999999999,-6669.700000007542,129954,-6669.700000007542,502.0
14.500000000000018,481,191,-5.1999999999999975,-6674.900000007561,130145,-6674.900000007561,502.0
14.500000000000018,482,110,-7.099999999999991,-6682.000000007587,130255,-6682.000000007587,502.0
14.500000000000018,483,120,-6.499999999999993,-6688.500000007611,130375,-6688.500000007611,502.0
14.500000000000018,484,152,-4.6,-6693.100000007627,130527,-6693.100000007627,502.0
14.500000000000018,485,897,-3.4000000000000017,-6696.50000000764,131424,-6696.50000000764,502.0
14.500000000000018,486,149,-11.699999999999974,-6708.200000007682,131573,-6708.200000007682,502.0
14.500000000000018,487,507,-3.1000000000000014,-6711.300000007694,132080,-6711.300000007694,502.0
14.500000000000018,488,120,-8.199999999999987,-6719.500000007723,132200,-6719.500000007723,502.0
14.500000000000018,489,354,-1.8000000000000005,-6721.30000000773,132554,-6721.30000000773,502.0
14.500000000000018,490,147,-7.999999999999988,-6729.300000007759,132701,-6729.300000007759,502.0
14.500000000000018,491,232,-6.799999999999992,-6736.100000007784,132933,-6736.100000007784,502.0
14.500000000000018,492,291,-3.700000000000002,-6739.800000007797,133224,-6739.800000007797,502.0
14.500000000000018,493,131,-6.199999999999994,-6746.00000000782,133355,-6746.00000000782,502.0
14.500000000000018,494,186,-8.199999999999987,-6754.20000000785,133541,-6754.20000000785,502.0
14.500000000000018,495,198,-3.2000000000000015,-6757.400000007861,133739,-6757.400000007861,502.0
14.500000000000018,496,129,-6.399999999999993,-6763.800000007885,133868,-6763.800000007885,502.0
14.500000000000018,497,186,-2.1000000000000005,-6765.900000007892,134054,-6765.900000007892,502.0
14.500000000000018,498,1001,-8.499999999999986,-6774.400000007923,135055,-6774.400000007923,502.0
14.500000000000018,499,1001,-0.6,-6775.000000007925,136056,-6775.000000007925,502.0
14.500000000000018,500,216,-4.4,-6779.400000007941,136272,-6779.400000007941,502.0
14.500000000000018,501,1001,-2.500000000000001,-6781.90000000795,137273,-6781.90000000795,502.0
14.500000000000018,502,117,-7.599999999999989,-6789.500000007978,137390,-6789.500000007978,502.0
14.500000000000018,503,364,-0.9999999999999999,-6790.500000007982,137754,-6790.500000007982,502.0
14.500000000000018,504,1001,-0.7999999999999999,-6791.300000007985,138755,-6791.300000007985,502.0
14.500000000000018,505,439,-1.0999999999999999,-6792.400000007989,139194,-6792.400000007989,502.0
14.500000000000018,506,193,-3.900000000000002,-6796.300000008003,139387,-6796.300000008003,502.0
14.500000000000018,507,1001,-0.30000000000000004,-6796.600000008004,140388,-6796.600000008004,502.0
14.500000000000018,508,200,-5.699999999999996,-6802.300000008025,140588,-6802.300000008025,502.0
14.500000000000018,509,116,-4.100000000000001,-6806.40000000804,140704,-6806.40000000804,502.0
14.500000000000018,510,456,-0.7999999999999999,-6807.2000000080425,141160,-6807.2000000080425,502.0
14.500000000000018,511,1001,-0.7999999999999999,-6808.000000008045,142161,-6808.000000008045,502.0
14.500000000000018,512,780,-2.1000000000000005,-6810.100000008053,142941,-6810.100000008053,502.0
14.500000000000018,513,1001,-0.6,-6810.700000008055,143942,-6810.700000008055,502.0
14.500000000000018,514,998,-8.599999999999985,-6819.3000000080865,144940,-6819.3000000080865,502.0
14.500000000000018,515,120,-7.699999999999989,-6827.0000000081145,145060,-6827.0000000081145,502.0
14.500000000000018,516,1001,-0.7999999999999999,-6827.800000008117,146061,-6827.800000008117,502.0
14.500000000000018,517,1001,-1.9000000000000006,-6829.700000008124,147062,-6829.700000008124,502.0
14.500000000000018,518,1001,-1.5000000000000002,-6831.20000000813,148063,-6831.20000000813,502.0
14.500000000000018,519,95,-7.999999999999988,-6839.200000008159,148158,-6839.200000008159,502.0
14.500000000000018,520,789,-1.0999999999999999,-6840.300000008163,148947,-6840.300000008163,502.0
14.500000000000018,521,982,-2.1000000000000005,-6842.4000000081705,149929,-6842.4000000081705,502.0
14.500000000000018,522,221,-2.500000000000001,-6844.90000000818,150150,-6844.90000000818,502.0
14.500000000000018,523,1001,-0.9999999999999999,-6845.900000008183,151151,-6845.900000008183,502.0
14.500000000000018,524,403,-0.9999999999999999,-6846.900000008187,151554,-6846.900000008187,502.0
14.500000000000018,525,809,-3.1000000000000014,-6850.000000008198,152363,-6850.000000008198,502.0
14.500000000000018,526,294,-3.900000000000002,-6853.900000008212,152657,-6853.900000008212,502.0
14.500000000000018,527,683,-1.7000000000000004,-6855.600000008219,153340,-6855.600000008219,502.0
14.500000000000018,528,1001,-0.7999999999999999,-6856.4000000082215,154341,-6856.4000000082215,502.0
14.500000000000018,529,1001,-5.099999999999998,-6861.50000000824,155342,-6861.50000000824,502.0
14.500000000000018,530,111,-8.499999999999986,-6870.000000008271,155453,-6870.000000008271,502.0
14.500000000000018,531,1001,-0.6,-6870.600000008273,156454,-6870.600000008273,502.0
14.500000000000018,532,545,-11.999999999999973,-6882.600000008317,156999,-6882.600000008317,502.0
14.500000000000018,533,183,-8.599999999999985,-6891.200000008348,157182,-6891.200000008348,502.0
14.500000000000018,534,187,-1.9000000000000006,-6893.100000008355,157369,-6893.100000008355,502.0
14.500000000000018,535,413,-7.999999999999988,-6901.100000008384,157782,-6901.100000008384,502.0
14.500000000000018,536,748,-2.1000000000000005,-6903.200000008392,158530,-6903.200000008392,502.0
14.500000000000018,537,807,-5.999999999999995,-6909.200000008414,159337,-6909.200000008414,502.0
14.500000000000018,538,1001,-4.300000000000001,-6913.500000008429,160338,-6913.500000008429,502.0
14.500000000000018,539,114,-8.199999999999987,-6921.700000008459,160452,-6921.700000008459,502.0
14.500000000000018,540,82,-8.199999999999987,-6929.900000008489,160534,-6929.900000008489,502.0
14.500000000000018,541,959,-4.699999999999999,-6934.600000008506,161493,-6934.600000008506,502.0
14.500000000000018,542,967,-6.999999999999991,-6941.600000008531,162460,-6941.600000008531,502.0
14.500000000000018,543,95,-7.999999999999988,-6949.6000000085605,162555,-6949.6000000085605,502.0
14.500000000000018,544,1001,-6.399999999999993,-6956.000000008584,163556,-6956.000000008584,502.0
14.500000000000018,545,1001,-0.8999999999999999,-6956.900000008587,164557,-6956.900000008587,502.0
14.500000000000018,546,508,-8.299999999999986,-6965.200000008617,165065,-6965.200000008617,502.0
14.500000000000018,547,83,-8.199999999999987,-6973.400000008647,165148,-6973.400000008647,502.0
14.500000000000018,548,928,-1.2,-6974.6000000086515,166076,-6974.6000000086515,502.0
14.500000000000018,549,1001,-10.699999999999978,-6985.30000000869,167077,-6985.30000000869,502.0
14.500000000000018,550,776,-5.099999999999998,-6990.400000008709,167853,-6990.400000008709,502.0
14.500000000000018,551,637,-0.6,-6991.000000008711,168490,-6991.000000008711,502.0
14.500000000000018,552,84,-8.299999999999986,-6999.300000008741,168574,-6999.300000008741,502.0
14.500000000000018,553,1001,-0.8999999999999999,-7000.200000008745,169575,-7000.200000008745,502.0
14.500000000000018,554,1001,-7.699999999999989,-7007.900000008773,170576,-7007.900000008773,502.0
14.500000000000018,555,598,-0.6,-7008.500000008775,171174,-7008.500000008775,502.0
14.500000000000018,556,1001,-1.5000000000000002,-7010.00000000878,172175,-7010.00000000878,502.0
14.500000000000018,557,82,-8.199999999999987,-7018.20000000881,172257,-7018.20000000881,502.0
14.500000000000018,558,1001,-20.900000000000027,-7039.100000008886,173258,-7039.100000008886,502.0
14.500000000000018,559,249,-1.8000000000000005,-7040.900000008893,173507,-7040.900000008893,502.0
14.500000000000018,560,1001,-0.6,-7041.500000008895,174508,-7041.500000008895,502.0
14.500000000000018,561,947,-0.6,-7042.100000008897,175455,-7042.100000008897,502.0
14.500000000000018,562,1001,-1.8000000000000005,-7043.900000008904,176456,-7043.900000008904,502.0
14.500000000000018,563,701,-7.19999999999999,-7051.10000000893,177157,-7051.10000000893,502.0
14.500000000000018,564,909,-1.0999999999999999,-7052.200000008934,178066,-7052.200000008934,502.0
14.500000000000018,565,1001,-1.3,-7053.5000000089385,179067,-7053.5000000089385,502.0
14.500000000000018,566,1001,-21.600000000000037,-7075.100000009017,180068,-7075.100000009017,502.0
14.500000000000018,567,83,-6.999999999999991,-7082.100000009043,180151,-7082.100000009043,502.0
14.500000000000018,568,1001,-0.5,-7082.600000009044,181152,-7082.600000009044,502.0
14.500000000000018,569,1001,-2.1000000000000005,-7084.700000009052,182153,-7084.700000009052,502.0
14.500000000000018,570,1001,-2.2000000000000006,-7086.90000000906,183154,-7086.90000000906,502.0
14.500000000000018,571,85,-8.499999999999986,-7095.400000009091,183239,-7095.400000009091,502.0
14.500000000000018,572,1001,-0.7,-7096.1000000090935,184240,-7096.1000000090935,502.0
14.500000000000018,573,1001,-0.30000000000000004,-7096.400000009095,185241,-7096.400000009095,502.0
14.500000000000018,574,82,-8.199999999999987,-7104.600000009124,185323,-7104.600000009124,502.0
